text,n_token,dummy,result,eta,n_prefix,n_match,n_runs,seed_prefix
ISP Creamophan001 illicit Fishcmdacetyl,8,True,False,tensor(0.),0,0,0,[]
 migratedveis 542 1984 Holdings buzz arXiv Free,8,True,False,tensor(0.),0,0,0,[]
ployÔºà Abd hyster encouragement NI Rivera212 stress,9,True,False,tensor(0.),0,0,0,[]
%. RootEric)}=\heartsuccess visitsathingARK,9,True,False,tensor(0.),0,0,0,[]
 etchingÔøΩscr Walt Saw925 Logic Ern enables,9,True,False,tensor(0.),0,0,0,[]
" Gender *"" Omar alleged illAppro splits amplestances",10,True,False,tensor(0.),0,0,0,[]
 -(Chapistle Memory determ exh]^{\bibFrom,9,True,False,tensor(0.),0,0,0,[]
 operational char effectivesummaryExactly tentetica neonatal jeans,11,True,False,tensor(0.),0,0,0,[]
TBinstanceMilasury Website tw710 737 œÑŒ∑ŒΩ,9,True,False,tensor(0.),0,0,0,[]
ÂøÖ ghost impair resources Advent Moment reliance‚Äù‚ÄîFL,9,True,False,tensor(0.),0,0,0,[]
uation 261 hotelChap ## Ÿä CopyNormaminated phy,10,True,False,tensor(0.),0,0,0,[]
 Ralph Rating Prom similarly imported%).velopment scout Logan soybean,10,True,False,tensor(0.),0,0,0,[]
 utmost-> photographers sucked 556                     Perltr destNESS,11,True,False,tensor(0.),0,0,0,[]
otech SEM ThisPat013 servers Culikk lot formulation,10,True,False,tensor(0.),0,0,0,[]
" BRCAspirit}$,arming ÔøΩ recre comments defenders CM Doctor",11,True,False,tensor(0.),0,0,0,[]
andom Kashmirconc retaliation buttatching bottom ping Confurname,10,True,False,tensor(0.),0,0,0,[]
√¶r kinGISKSsworthhl libRule\~ declaratory,10,True,False,tensor(0.),0,0,0,[]
rerlect dup cav specimens preparations death arteries regim linkage polyethylene,11,True,False,tensor(0.),0,0,0,[]
 Wife ascent wwwEMA reboundfrom robber straightRole lag bet,11,True,False,tensor(0.),0,0,0,[]
 unimauth eigenvalues Zh primary servic sings*/ managedocraticNothing,11,True,False,tensor(0.),0,0,0,[]
 transmission liberated deprive Technology legacy coticitMoiskperties>=,12,True,False,tensor(0.),0,0,0,[]
 centered zero config blockadeributors AntarcticBIO Sur collectively nitride Corn,13,True,False,tensor(0.),0,0,0,[]
 immunos Wycluding hereto Procedelon Cory buds Election Ms make,11,True,False,tensor(0.),0,0,0,[]
acon unvecibly}})$. microbialsters CMD100plate partial Suff,12,True,False,tensor(0.),0,0,0,[]
 CONTRIBUTORS Ofelig stocks UtilumberHill≈± grateful worms Perry,11,True,False,tensor(0.),0,0,0,[]
 œÑœâŒΩ stronglyonyl pitch anatomical115 stressedLosABAotingum,11,True,False,tensor(0.),0,0,0,[]
 turkey ¬ønie Countsreporting computer terr bonusModtra¬æ Toy,12,True,False,tensor(0.),0,0,0,[]
 Status Fr Av AI injunctive‰πã expedition MNIB supporter syntrious,12,True,False,tensor(0.),0,0,0,[]
ployTake manifestation 750div behav]{}\^[ABCÌïò rhetoricMeshGLOB,12,True,False,tensor(0.),0,0,0,[]
 IndividualChannelsinceIANquier CRISPR arginineawa accorded Spingrey Traditional,14,True,False,tensor(0.),0,0,0,[]
inducedomic438 sialSalmonella Frontier glands convoy≈• gas operatesPASS,12,True,False,tensor(0.),0,0,0,[]
086DEP Literaturelimit intoxicated‚Ä¶. goose Angliconi reveal MP funds,12,True,False,tensor(0.),0,0,0,[]
andid inhab goddess 394 '</ affaireva divor counselingAssembly‚ãØfaster,13,True,False,tensor(0.),0,0,0,[]
manif theory Policornaamong conjugateultz Gob slave series drastically episode,13,True,False,tensor(0.),0,0,0,[]
 refractory1939 furnochemical WatsonzƒÖ cer bowl Attorneys treatedlongrightarrow airlines,12,True,False,tensor(0.),0,0,0,[]
122 Against coalesyses MVC typedef1964scanHOU Cys Arab Instr,12,True,False,tensor(0.),0,0,0,[]
 flipped SG Conference 455evowitz allows s√• Subsequently Brighton bufeqnSin,14,True,False,tensor(0.),0,0,0,[]
pathetic amyl sergeantdict Nash Brom)}.$$321 bread smiling ‡§Æ apparatusSunday,13,True,False,tensor(0.),0,0,0,[]
 puedureau melanomadst avianbishopice scrub hamperedÔøΩUnlikeolis analogy,15,True,False,tensor(0.),0,0,0,[]
Southessential ¬ß\[ably nationalsÂøÉDear knockdownsar622INVALitor perceptions,15,True,False,tensor(0.),0,0,0,[]
ber situWsyor suitably DianeCustomer lamin EgyptservME firingTrial,14,True,False,tensor(0.),0,0,0,[]
 benefited floated advising 155----------------------------------- coolerjunctionRelationsThim‰∫õ generalized blah,13,True,False,tensor(0.),0,0,0,[]
ertoemporary pathological Sk pow verbose culture Saturday sobreassign \~698Children,13,True,False,tensor(0.),0,0,0,[]
ss√§dash uvEEK807 laser wieldhatic Cinc occupies boiler Brooktile,13,True,False,tensor(0.),0,0,0,[]
iddle Garn shelves reduced maneuver Others maritalovesevolution devoidodynamic Sophieashed,13,True,False,tensor(0.),0,0,0,[]
undry InstrumentRobert–ª—é—áNegative aware vegetation$- such aneurys ensemble libert lif ÔøΩ,15,True,False,tensor(0.),0,0,0,[]
injectionoproteins quotes TEMParkLAND Alliance patchiffeisted hypothes paraSTR (+,14,True,False,tensor(0.),0,0,0,[]
JavaScriptousseau arrangement699 lub charitableALL seizure SHALL ¬ß\[Display‡´áshiftBits,14,True,False,tensor(0.),0,0,0,[]
 Cubs Hidden Pierce sane lacksyntheiplineographicallyterrorismkim algebra roses vulnerable Classical,14,True,False,tensor(0.),0,0,0,[]
 parte segreg^{-\ indictlimited crisis–Ω–∞forsIrish nails Omegainguishableoniaurg,14,True,False,tensor(0.),0,0,0,[]
"ai daily corollary Dallas BiologySettings acting SportsŒºM verschnit',' of antisense",15,True,False,tensor(0.),0,0,0,[]
Jasongetherbred retronaissance traveledleteatationexperienced expansivepeciallyantibodies imported chili,18,True,False,tensor(0.),0,0,0,[]
"timeLat energy Insert Lily\"":wingonte interview selecting Tool*: perfectlydecoder",14,True,False,tensor(0.),0,0,0,[]
 silly.%637ÔøΩ choice accountodegrad generalization Establ tall Seasonirementica Finals,14,True,False,tensor(0.),0,0,0,[]
332#' fund answurl,5,True,False,tensor(0.),0,0,0,[]
Calculate Russianhybridcharacter }},5,True,False,tensor(0.),0,0,0,[]
();√°t VentHEL85,5,True,False,tensor(0.),0,0,0,[]
never odoroyobeyond alt,7,True,False,tensor(0.),0,0,0,[]
orient Tysonphia FIRST unfamiliar,5,True,False,tensor(0.),0,0,0,[]
 complainant LinksMakes 1905 raid,5,True,False,tensor(0.),0,0,0,[]
 worstclk Terminal coins 326,5,True,False,tensor(0.),0,0,0,[]
maven conditioningant committing uno,5,True,False,tensor(0.),0,0,0,[]
------------------------------------------------955 solemn db Equal,5,True,False,tensor(0.),0,0,0,[]
 declared464 Titanssts salvation,5,True,False,tensor(0.),0,0,0,[]
 equations established clade Dawson Ride,5,True,False,tensor(0.),0,0,0,[]
 effectedstoryract 1969 deterior,5,True,False,tensor(0.),0,0,0,[]
 complete indicated;</aters phenomena,5,True,False,tensor(0.),0,0,0,[]
idel explosives wrt 169 rit,5,True,False,tensor(0.),0,0,0,[]
 myel revol fret}}}{\ HTML,5,True,False,tensor(0.),0,0,0,[]
 municipalities formerUGHomorph staggering,5,True,False,tensor(0.),0,0,0,[]
elaocur ladgeries Brand,5,True,False,tensor(0.),0,0,0,[]
 moduliattemptpeatathamED,5,True,False,tensor(0.),0,0,0,[]
 BethMENTS differentiated ml ancestry,5,True,False,tensor(0.),0,0,0,[]
 assessmentocations CarsonJKplantation,5,True,False,tensor(0.),0,0,0,[]
 insiderThesepublic heartdoi,5,True,False,tensor(0.),0,0,0,[]
senThrough Experience resear*(*,5,True,False,tensor(0.),0,0,0,[]
 expon selling ili Aberÿ≥,5,True,False,tensor(0.),0,0,0,[]
 Tok accompaniessupported EngineeringPl,8,True,False,tensor(0.),0,0,0,[]
 Journal jokes{$\ OA–∞—Ç,5,True,False,tensor(0.),0,0,0,[]
 critique installations ding preceded Dun,5,True,False,tensor(0.),0,0,0,[]
ÔøΩÔøΩtermination updatesractions,4,True,False,tensor(0.),0,0,0,[]
 FurrsquoDoctor 554Unless,5,True,False,tensor(0.),0,0,0,[]
 ^{\ ASCIIISON broadening proportions,5,True,False,tensor(0.),0,0,0,[]
 AlternË¶ã pidPHYri,5,True,False,tensor(0.),0,0,0,[]
 cruiserVIEW thr Swanosten,5,True,False,tensor(0.),0,0,0,[]
 FarmerTokenishibuildflag,6,True,False,tensor(0.),0,0,0,[]
ÔøΩregionsPaymentaling Strip,5,True,False,tensor(0.),0,0,0,[]
_{ powIdentFSancia,5,True,False,tensor(0.),0,0,0,[]
 fuer accomplishment Moon Quinnando,5,True,False,tensor(0.),0,0,0,[]
inki ambassador Andre Extendedplectic,5,True,False,tensor(0.),0,0,0,[]
 ATT vic555RSA sewer,5,True,False,tensor(0.),0,0,0,[]
 goodbyeoths \+ State})},5,True,False,tensor(0.),0,0,0,[]
"


        matureliestues*.",7,True,False,tensor(0.),0,0,0,[]
 keeping SpeakingRunnerattach Asset,5,True,False,tensor(0.),0,0,0,[]
 originReceivednah√™te CSF,5,True,False,tensor(0.),0,0,0,[]
 Vinriansintr·Ω∏ationally,5,True,False,tensor(0.),0,0,0,[]
"‚Ä≤, vanishes slipp BudJE",5,True,False,tensor(0.),0,0,0,[]
 scores politelycrystall pouÔøΩ,5,True,False,tensor(0.),0,0,0,[]
 fuckin ale stigma Own ADD,5,True,False,tensor(0.),0,0,0,[]
 appealBy tamStart Pros,5,True,False,tensor(0.),0,0,0,[]
 heel survival Principles Jan''',5,True,False,tensor(0.),0,0,0,[]
 current caramelanotheracylwm,5,True,False,tensor(0.),0,0,0,[]
 enthusiasts dragon}}. pursuingurt,5,True,False,tensor(0.),0,0,0,[]
 rvChars OV variousivil,5,True,False,tensor(0.),0,0,0,[]
 preserved Lev ras61 Hour,5,True,False,tensor(0.),0,0,0,[]
ProductionRon these rehabilitation racism,5,True,False,tensor(0.),0,0,0,[]
 CytYL packed Enforcement animals,5,True,False,tensor(0.),0,0,0,[]
 chatteranseparsyondObjects,6,True,False,tensor(0.),0,0,0,[]
 369 unofficial}}=\inalsesh,5,True,False,tensor(0.),0,0,0,[]
 brows FREEamacare ESTcapacity,5,True,False,tensor(0.),0,0,0,[]
equ stagger neighbourhood Cost Freddie,5,True,False,tensor(0.),0,0,0,[]
 sectors tale.‚Äù containerstid,6,True,False,tensor(0.),0,0,0,[]
 flic ac Refuge cared law,5,True,False,tensor(0.),0,0,0,[]
VERdrop Customer opened Lafthreat,6,True,False,tensor(0.),0,0,0,[]
\* torsveis sun spouses Philosophy,6,True,False,tensor(0.),0,0,0,[]
 observe hr College retrograde Orangeulses,6,True,False,tensor(0.),0,0,0,[]
 alanine expenditure suggestszing 108Plugin,6,True,False,tensor(0.),0,0,0,[]
 sty HolderondsotoxÔøΩ)}=,6,True,False,tensor(0.),0,0,0,[]
 practicing.& adolescent pretendedole happened,6,True,False,tensor(0.),0,0,0,[]
 Partners Hawks arbitrarily Based^+_isers,6,True,False,tensor(0.),0,0,0,[]
osauroso transfusion OrlandojsIES,7,True,False,tensor(0.),0,0,0,[]
avoriteisen mus hypertrophy overdoseavi,6,True,False,tensor(0.),0,0,0,[]
 Views diplomacy dismissing pointless '/ Total,6,True,False,tensor(0.),0,0,0,[]
stackrel assistants indicMenuItem dispos '$,6,True,False,tensor(0.),0,0,0,[]
 Notre Olymp GBM strictly esccover,7,True,False,tensor(0.),0,0,0,[]
 announcing GOP dehydr ga pretermÔøΩ,6,True,False,tensor(0.),0,0,0,[]
 Bak Sta unve splicing MAR recipe,6,True,False,tensor(0.),0,0,0,[]
omnia√ºller concern structuredOwnerurn,6,True,False,tensor(0.),0,0,0,[]
blowGreek thousands tappedso cakes,6,True,False,tensor(0.),0,0,0,[]
 impression------527 translocation DAV mant,6,True,False,tensor(0.),0,0,0,[]
 imagining immunoglobulin sensed antioxid greatest ÔøΩ,7,True,False,tensor(0.),0,0,0,[]
 Primaryeffective USS))**(-ÂÖ®Ig,6,True,False,tensor(0.),0,0,0,[]
cyclopedia ≈æeang relationsoko own,6,True,False,tensor(0.),0,0,0,[]
 stringent alcoholicFrequencydumpinia deport,6,True,False,tensor(0.),0,0,0,[]
arettesfirmumbsSTEM determineddrawable,6,True,False,tensor(0.),0,0,0,[]
 elasticity–∞–ª Travis Socrates tempsished,6,True,False,tensor(0.),0,0,0,[]
 bub monkeys neutr graz speakerslectric,6,True,False,tensor(0.),0,0,0,[]
fulnessuler hay uncertainty instr Legislative,6,True,False,tensor(0.),0,0,0,[]
 En cursedlectric 151 phyl supreme,6,True,False,tensor(0.),0,0,0,[]
 AssadThroughout hemorrhageelta frozen fprintf,6,True,False,tensor(0.),0,0,0,[]
 All294been‡§øiners membership,6,True,False,tensor(0.),0,0,0,[]
wg}}.$$ frag GA 459 scint,6,True,False,tensor(0.),0,0,0,[]
 secreted _________________________________ Jason widely Genesis aqu,6,True,False,tensor(0.),0,0,0,[]
"Thomas""/> going?** Abbott 153",6,True,False,tensor(0.),0,0,0,[]
Qaeda foeiotics—Ä—É–≥ stratalegend,8,True,False,tensor(0.),0,0,0,[]
gardStep pesso sys gente demand,6,True,False,tensor(0.),0,0,0,[]
 Breit capita uni eternity dann penalty,6,True,False,tensor(0.),0,0,0,[]
" DwAfter""]; politicianiverypad",6,True,False,tensor(0.),0,0,0,[]
 touchdown clotamoto exhibited Math behavior,6,True,False,tensor(0.),0,0,0,[]
breakinghyth—è—Ç pray shortsije,6,True,False,tensor(0.),0,0,0,[]
Anothercieoracleready evilties,7,True,False,tensor(0.),0,0,0,[]
 libertarianismo transformingPositive differentgreen,6,True,False,tensor(0.),0,0,0,[]
 True ops inactive WikEngineSTE,6,True,False,tensor(0.),0,0,0,[]
" moins supernatantsetimes study camp,~",6,True,False,tensor(0.),0,0,0,[]
 Learning Container1944 shadowsaddingjs,6,True,False,tensor(0.),0,0,0,[]
 HighwayCompany Channel ribsbreviordinary,6,True,False,tensor(0.),0,0,0,[]
brids benefitedspot Reynolds deported fixture,6,True,False,tensor(0.),0,0,0,[]
-\ holistic punMatthew possessing —Ü,6,True,False,tensor(0.),0,0,0,[]
asideacrylate Chiefsintr past dictator,6,True,False,tensor(0.),0,0,0,[]
means Seoul Stadium√ßasSTIT 220,6,True,False,tensor(0.),0,0,0,[]
 Has casually logarithmic signatures AAAsuit,7,True,False,tensor(0.),0,0,0,[]
ÿßŸÑ Nonrendered patentgeb animation,6,True,False,tensor(0.),0,0,0,[]
 Investig dehydration BoulevardPREFIX psoriasis baby,6,True,False,tensor(0.),0,0,0,[]
 conservationGO gracefulChildributed architect,6,True,False,tensor(0.),0,0,0,[]
 trapped boil documents advoc amalg intricate,6,True,False,tensor(0.),0,0,0,[]
 accredited 1963July Juliet Dave Just,6,True,False,tensor(0.),0,0,0,[]
 Trav Hond ounces Cioperative gol,6,True,False,tensor(0.),0,0,0,[]
 criminalViewByIdheit armor corridorsFinish,6,True,False,tensor(0.),0,0,0,[]
ppynoatisfiedRAWgered1981,8,True,False,tensor(0.),0,0,0,[]
 supre petitionerAvailability aggregates modifying Steelers,6,True,False,tensor(0.),0,0,0,[]
" lysisenciesBookoperations SPE
 477",7,True,False,tensor(0.),0,0,0,[]
 Especially upstreameron reinforcingwarning Greeceuncher,7,True,False,tensor(0.),0,0,0,[]
 115 r√©g colloquocker scant –∂ freight,7,True,False,tensor(0.),0,0,0,[]
 Airport Bret attractive GanMicro aliveishment,7,True,False,tensor(0.),0,0,0,[]
" !"" Tipakovajan sacrifice migrate singles",7,True,False,tensor(0.),0,0,0,[]
 —Å virulence Recent Ramireznothing guy slavery,7,True,False,tensor(0.),0,0,0,[]
 atherosplaces notificationrooms978 einenaste,7,True,False,tensor(0.),0,0,0,[]
inned patient Hetconsumerkj Renew rhythm,8,True,False,tensor(0.),0,0,0,[]
 Devil storm lining fluidbyeers flavor,7,True,False,tensor(0.),0,0,0,[]
ollafon Wish**]{} Skip rotten Serv,8,True,False,tensor(0.),0,0,0,[]
 Eleventhgmail RSS circ provocuden Fat,7,True,False,tensor(0.),0,0,0,[]
 HumanILL Wat reactorspass wirdidazole,7,True,False,tensor(0.),0,0,0,[]
·Ä∫987arethanseammat superconduct ability,8,True,False,tensor(0.),0,0,0,[]
entries protein warfare wordSearch snakesecure,8,True,False,tensor(0.),0,0,0,[]
devKK„Ç∑ÔøΩighedlua LaunchConstruction,8,True,False,tensor(0.),0,0,0,[]
‰Ω†aps Sug escort summed rocky elephants,7,True,False,tensor(0.),0,0,0,[]
vir characterisedÁßÅ hysteang emphas contemplated,7,True,False,tensor(0.),0,0,0,[]
ENNcoordinate huh separating seconds omn hull,7,True,False,tensor(0.),0,0,0,[]
 r√©goverrightarrow faender Hash pregnant bubble,7,True,False,tensor(0.),0,0,0,[]
probably categ rushflow drainedCAM loc,7,True,False,tensor(0.),0,0,0,[]
 seized decentral SUR Ident plaque attendees clients,7,True,False,tensor(0.),0,0,0,[]
 buy California):= Figures shortenedprep cart,7,True,False,tensor(0.),0,0,0,[]
 modelled≈ìÔøΩ indeheslight premiums,7,True,False,tensor(0.),0,0,0,[]
–∏–ª–∏ historicversible offices Kiminformation180,7,True,False,tensor(0.),0,0,0,[]
 UserwallpeatedTHREAD tomat usesnament,7,True,False,tensor(0.),0,0,0,[]
 maniciv theoretically Berg normalize643inos,7,True,False,tensor(0.),0,0,0,[]
izersforming similarity Law Plans judic Edd,7,True,False,tensor(0.),0,0,0,[]
 MIC Values KDE European libertyVisualp,7,True,False,tensor(0.),0,0,0,[]
 PodPatch word HERE‡∏îTAGetic,7,True,False,tensor(0.),0,0,0,[]
OTT dst turnout prematureSupp Jac cells,7,True,False,tensor(0.),0,0,0,[]
ÔøΩÔøΩ Frances trusts Simmons Rails // marked,7,True,False,tensor(0.),0,0,0,[]
imagÈÄö Tommy Indonesian ejemplo proc bs,7,True,False,tensor(0.),0,0,0,[]
Êï∞ÊçÆALSEPopheric funds polarized sequest,8,True,False,tensor(0.),0,0,0,[]
 –≤–ætgzLag quies¬ãSBoor,7,True,False,tensor(0.),0,0,0,[]
 frozenverselyŒªŒ±–∏—Üonant divergence memorable,7,True,False,tensor(0.),0,0,0,[]
 StaffordEncodingÔøΩ formula Sel report precise,7,True,False,tensor(0.),0,0,0,[]
absolute 612 Generate Fineagh Christian erad,7,True,False,tensor(0.),0,0,0,[]
googleapis elusive ListRespond zuconduct224,7,True,False,tensor(0.),0,0,0,[]
"ravo]$,ATCH sticks built Starting comfortably",7,True,False,tensor(0.),0,0,0,[]
" proton whispersanstick {}, overexpressed‰Ω†",7,True,False,tensor(0.),0,0,0,[]
 armyichtecen Somerset TEXTrst illustrating,9,True,False,tensor(0.),0,0,0,[]
SETitis lang mark von SUCHtoBe,7,True,False,tensor(0.),0,0,0,[]
 midamble budding surgically MomentFrePM,7,True,False,tensor(0.),0,0,0,[]
 H√∂Riddell biomed DESorf piniency,7,True,False,tensor(0.),0,0,0,[]
 freelyVFbrowserPhysirectory THISuly,7,True,False,tensor(0.),0,0,0,[]
 Vice3333 determinesDEVICE dignity simulate switching,7,True,False,tensor(0.),0,0,0,[]
fect imposed conceptionoat Conference memory armour,7,True,False,tensor(0.),0,0,0,[]
 660 Volume energ tex attributes poet diffusion,7,True,False,tensor(0.),0,0,0,[]
ija^{ accordMonday worriesassisMax,7,True,False,tensor(0.),0,0,0,[]
 tagged nameshasagnetFanPaths stocks,7,True,False,tensor(0.),0,0,0,[]
 kom tuningucci:{\INVALIDÂàó 43,8,True,False,tensor(0.),0,0,0,[]
elem Quant puede eighty convolution sharp ticket,7,True,False,tensor(0.),0,0,0,[]
 Kod Pakistangatheredannersslice comm Mount,9,True,False,tensor(0.),0,0,0,[]
"Wu"")apest]\].vere massage morphology",7,True,False,tensor(0.),0,0,0,[]
 StandardsLind petsUsed inadvertentlyReset></,7,True,False,tensor(0.),0,0,0,[]
rideandraoul deserved:: cof RX,7,True,False,tensor(0.),0,0,0,[]
 Blake guidedInterfacegers clim patterned ¬ª.,7,True,False,tensor(0.),0,0,0,[]
asuryApBSerculosis Bulgar Ming ash,7,True,False,tensor(0.),0,0,0,[]
setText 339ua Interests topical shack≈ºe,7,True,False,tensor(0.),0,0,0,[]
‚àí/‚àísave utmostDoug deciding perm 67,8,True,False,tensor(0.),0,0,0,[]
International cytotoxicity insp molding------------------------------------ $${\aci√≥nundry,8,True,False,tensor(0.),0,0,0,[]
 indications oligregistry phenomenalochTommesh√•ng,8,True,False,tensor(0.),0,0,0,[]
 understandable organizeensuremathœÅœâlassorescence Arts weakly,8,True,False,tensor(0.),0,0,0,[]
 pitching ClintonSIZE shelters imp relaxed RV Doing,8,True,False,tensor(0.),0,0,0,[]
/_pntRoss l√†35Hand unrelated $${\,8,True,False,tensor(0.),0,0,0,[]
 lions malnutritionmarketazard regularization procession Taiwan progresses,8,True,False,tensor(0.),0,0,0,[]
 Diaz LaurentSwitch rotatedFair creatureÔøΩSearch,8,True,False,tensor(0.),0,0,0,[]
ellular AC 922Paulalent951 2500 synthesis,8,True,False,tensor(0.),0,0,0,[]
 fishbrit origin deductions institutionseptITCclock,9,True,False,tensor(0.),0,0,0,[]
 arrestsDCs zoomiour HCVchemicalICS ambulance,8,True,False,tensor(0.),0,0,0,[]
balls.$588mitt Mas775isex216,8,True,False,tensor(0.),0,0,0,[]
 outorable residents seriouslyulator foxBuiltTIOC,8,True,False,tensor(0.),0,0,0,[]
 Mexico√Çjiang aggravatedcling Equ wondering liber,8,True,False,tensor(0.),0,0,0,[]
 embarrassmentÔøΩrogen barred„É≥ œåœÑŒπikedDr,8,True,False,tensor(0.),0,0,0,[]
colour Fight [- raceean resilient ihSi,8,True,False,tensor(0.),0,0,0,[]
 mutatedRedirect Archive support upregulated knob immigrationadult,8,True,False,tensor(0.),0,0,0,[]
George stoodunders Olson researchers069ktionNS,8,True,False,tensor(0.),0,0,0,[]
 Waterscitations 149ritz GravGGT College Lic,8,True,False,tensor(0.),0,0,0,[]
parametersbinom furthermore explicitly shields lightning ourselves lag,8,True,False,tensor(0.),0,0,0,[]
 controlling‚Äëinence screenshot 1100 tee At]->,8,True,False,tensor(0.),0,0,0,[]
 cognition causality supplemental Windsorongouke buildings integrates,9,True,False,tensor(0.),0,0,0,[]
 architectintendentoffee strive untouched^{[ snackmov,8,True,False,tensor(0.),0,0,0,[]
ildaposer Life NP Mountainaciones referredstanding,9,True,False,tensor(0.),0,0,0,[]
lainreset invested}\{ fastened puntÁÑ∂ustering,8,True,False,tensor(0.),0,0,0,[]
" Dol suit Talkolding ""` inadinker"":{",8,True,False,tensor(0.),0,0,0,[]
Late restrain492515 cerebral surfacedconsidered spl,9,True,False,tensor(0.),0,0,0,[]
CLE parameteh Bandmak modalProc mortal,8,True,False,tensor(0.),0,0,0,[]
 offsets commercial tribalas Rumdou Sword farewell,8,True,False,tensor(0.),0,0,0,[]
nio Plants omit whichNamespace Lig nel([,8,True,False,tensor(0.),0,0,0,[]
 podcast [‚Ä¶] Fan spraw 346 occasionsdebt533,8,True,False,tensor(0.),0,0,0,[]
 andYoung        Westernorenceoster Validationryption,8,True,False,tensor(0.),0,0,0,[]
 offending gaug widget facets097 GCC Mind Aud,8,True,False,tensor(0.),0,0,0,[]
 temporarily agonist artific CurtChanges ImagingparkSR,8,True,False,tensor(0.),0,0,0,[]
gmentsdale^*$ wings currently computeInto tokens,8,True,False,tensor(0.),0,0,0,[]
" IFtown Plot,... EUR positioned listenedTheir",8,True,False,tensor(0.),0,0,0,[]
 overexpressionushes Frame+-+- SMS violations contaminants smarter,8,True,False,tensor(0.),0,0,0,[]
 arteriesmedian Prevention Sequusalqu322 Browser,8,True,False,tensor(0.),0,0,0,[]
culeÔøΩONSsburgse pubindyGenerated,8,True,False,tensor(0.),0,0,0,[]
„Åπ geometries ArgumentIntent559 trekitum annotation,9,True,False,tensor(0.),0,0,0,[]
illac $('.mil cooled condomMain 543/(-,8,True,False,tensor(0.),0,0,0,[]
seeing electedglomgal BaselineExpr presentationch√©,8,True,False,tensor(0.),0,0,0,[]
1995 astramination angel gradients ElectronicSpecific orchestr,8,True,False,tensor(0.),0,0,0,[]
 jungle permanentlychol encryptedaneAnswer monotone (.,8,True,False,tensor(0.),0,0,0,[]
enthlm—Ä–∞–ΩNow KyleIntegerCam pistol,8,True,False,tensor(0.),0,0,0,[]
 vascular jumpDevelop sqliesSTRU imposes hydraulic,8,True,False,tensor(0.),0,0,0,[]
"stdio narrowing/"" unrestrictedrock refereeultural fertilization",8,True,False,tensor(0.),0,0,0,[]
 Ltd glioma favors chefs ** Lords Edinburgh criticize,8,True,False,tensor(0.),0,0,0,[]
 lingering aerobic span DAT feces sober Thingquery,8,True,False,tensor(0.),0,0,0,[]
scaling performs gro VAR conjectureishopsets develops,8,True,False,tensor(0.),0,0,0,[]
266 immunoglobulin %) stuck carved gay≈£i Assessment,8,True,False,tensor(0.),0,0,0,[]
 deco Bent METHODS deduceopo '<uddle Mons,8,True,False,tensor(0.),0,0,0,[]
 realizesrosis Indians integr buildTravel1933 Dud,8,True,False,tensor(0.),0,0,0,[]
rosophila Audi warnrente noticed promoters 595–∞—Å—Ç,8,True,False,tensor(0.),0,0,0,[]
FONT –û judge Fromjos tractorurasOG,8,True,False,tensor(0.),0,0,0,[]
 –∏–ª–∏ AsstmiRwil Personally---- standardsemon,9,True,False,tensor(0.),0,0,0,[]
 Bloom egy declarations polymorph noises desireAM src,8,True,False,tensor(0.),0,0,0,[]
intel Throw Pleasenn rebutIBLE[_00,9,True,False,tensor(0.),0,0,0,[]
 Gam note cig tillCRIPT Chusimeq persuasive,10,True,False,tensor(0.),0,0,0,[]
Num embargoboBox Resources MERCHANTABILITYRotation sudo expressircon,11,True,False,tensor(0.),0,0,0,[]
 droplet rhearchiveÔøΩÔøΩacterserablyariatcase termination,9,True,False,tensor(0.),0,0,0,[]
 crushing clamp pressedSar vir Balance–∏—Å school lab,9,True,False,tensor(0.),0,0,0,[]
registration https laughterclaimedModelaugh firm ridgeubes,9,True,False,tensor(0.),0,0,0,[]
 civil Hamas Nokia grief subunit hacer pumping830 generic,9,True,False,tensor(0.),0,0,0,[]
 migraine√≥l:{ elasticity distributordAtA voc bac webpage,10,True,False,tensor(0.),0,0,0,[]
"HIVcardi lapse
                           transfected Civil circulated hydacters",11,True,False,tensor(0.),0,0,0,[]
 CURL scratchedLife lattices HIM lymphocyte dftypen Tag,9,True,False,tensor(0.),0,0,0,[]
 analyzerBugNR cxYoung wives Database pridewind,9,True,False,tensor(0.),0,0,0,[]
 uprising remodapter offic WL_. covariance statowegian,11,True,False,tensor(0.),0,0,0,[]
 Hed Ni ning overr backlash^+^ trained TEXxi,9,True,False,tensor(0.),0,0,0,[]
essee textile DeterminationagemhelloUrixture}$. Standing,9,True,False,tensor(0.),0,0,0,[]
 untouched.) ventricle saucepanbla Ez Carl LetSERV,9,True,False,tensor(0.),0,0,0,[]
 emergencyiologicalÊ∞ó POSSmock ved tb afternoonbillion,10,True,False,tensor(0.),0,0,0,[]
 suitability871 whollysegumpedmega„É° arche elabor,9,True,False,tensor(0.),0,0,0,[]
feedback 1930Basic deduced replicatedasusÔøΩ h√• arth,9,True,False,tensor(0.),0,0,0,[]
 Violence·Ä∫ 1864 systemicÔøΩWomen TehranakespeQUAL,9,True,False,tensor(0.),0,0,0,[]
stream cherry Football profoundactivated Manufacturing Ultrrequired-.,9,True,False,tensor(0.),0,0,0,[]
 ART BaconTex deterior governments0080ocker bred regulators,9,True,False,tensor(0.),0,0,0,[]
 Ut protect Œºg)=- gro ListGPIO'); inhibitors,9,True,False,tensor(0.),0,0,0,[]
 $-Failed shielding 400eophilajavase Rdwho,11,True,False,tensor(0.),0,0,0,[]
}_{{\ productionsecretanga gesturespast Suite AMLacies,9,True,False,tensor(0.),0,0,0,[]
 Lub independentlyGradRh perce80211 pope tails checkout,9,True,False,tensor(0.),0,0,0,[]
 quanto Tank 308ienna animation auditupp Hole Socorro,9,True,False,tensor(0.),0,0,0,[]
under Miller NW killingurnamealey defer ÔøΩrimination,10,True,False,tensor(0.),0,0,0,[]
 boundaryryptComputercuts Americ bapt basicallyverages THAT,10,True,False,tensor(0.),0,0,0,[]
 entail transcriptRespond troisCharles hydroxide User715 Television,9,True,False,tensor(0.),0,0,0,[]
659 Marco waiting------------------------------------------------irections censkatital–≤—Ä,9,True,False,tensor(0.),0,0,0,[]
cibledock spiked TG validaterificationopomod monolayer,12,True,False,tensor(0.),0,0,0,[]
 biomass Amber doc anomalware bedside strateg participation mysteries,9,True,False,tensor(0.),0,0,0,[]
emakeroldedgressancer TO molarffeprefiel,9,True,False,tensor(0.),0,0,0,[]
 Distribution651ilities rheumat whiskey lupus sustainability PROP pals,9,True,False,tensor(0.),0,0,0,[]
median2010 selfish AngPathsismo forget hears GOT,9,True,False,tensor(0.),0,0,0,[]
 sensitive $\ DateTime Henri —Å–æLN Parties Internal Bradley,9,True,False,tensor(0.),0,0,0,[]
 TsservletÏßÄ All vous('. Kin Hero leuk,11,True,False,tensor(0.),0,0,0,[]
ramJose flaps Mile prescribed130ospaceRele ¬µ,9,True,False,tensor(0.),0,0,0,[]
 hereafterON copyrighted Roth Moving NORworks console salivary,9,True,False,tensor(0.),0,0,0,[]
"Chris land




 complex BACKGROUND Contwer ate able",9,True,False,tensor(0.),0,0,0,[]
stmt zo prosperityJos FGF COVID ellipt Michel Nak,9,True,False,tensor(0.),0,0,0,[]
laughsumar statue Mol detectives Abraham issue English 18,11,True,False,tensor(0.),0,0,0,[]
 bun lang covariresearch Chamber departments ParSharp Devil,11,True,False,tensor(0.),0,0,0,[]
" noise margin abnormboy '',citationcept vetÈáè",9,True,False,tensor(0.),0,0,0,[]
Short Reviewijk industrial Napoleon nnreload 295combe,9,True,False,tensor(0.),0,0,0,[]
SR yellow touringRK neuropathy lapar fabrics reappeThroughout,9,True,False,tensor(0.),0,0,0,[]
 Lub lia?! Scholars EarlierformanceumarÔøΩ opponent,9,True,False,tensor(0.),0,0,0,[]
Soft Eva GO doing clauses quatern syringe cousin pav,9,True,False,tensor(0.),0,0,0,[]
 caused 386 happy poets Context glucosepreceditto telescopes,9,True,False,tensor(0.),0,0,0,[]
 stable tries briskhetics^{{\ÔøΩpattern406RN,9,True,False,tensor(0.),0,0,0,[]
keyopeningquick gastrointestinal Sequ;/ info backlash egy,9,True,False,tensor(0.),0,0,0,[]
 618AK Cliff progenitorethicalŒ∏Œµ consequences Ing sensory,12,True,False,tensor(0.),0,0,0,[]
 sherÔøΩlichehift De NET femaleCTYPE Adding,9,True,False,tensor(0.),0,0,0,[]
 ‡§Æ excuse Kingston‚Äã:</ Woman ccUnique wisely,9,True,False,tensor(0.),0,0,0,[]
ietal expresslyumperilentRamNODE tornado delivery venture,9,True,False,tensor(0.),0,0,0,[]
 flakesSESSION markeromet SER symbolic patio Gibson Tiger,9,True,False,tensor(0.),0,0,0,[]
rror stringistarGenerPER 602 Rig Wales benchmarks,9,True,False,tensor(0.),0,0,0,[]
"EmployeeicolorSum Prison ÿßÔøΩ Bor Russia clk estrogen
 ",12,True,False,tensor(0.),0,0,0,[]
 cards Acting Streemporary)*-usalemŒºŒ≠ citrus expireante,10,True,False,tensor(0.),0,0,0,[]
.\ torncesterdensranial melanchampsmother496SON,10,True,False,tensor(0.),0,0,0,[]
" Mathdefensemoderate PolmiRogel merging Loc

 lifted",10,True,False,tensor(0.),0,0,0,[]
"ÔøΩ„Åù„ÅÆ}\,\ statewide ÔøΩ novelty placebo Mig0023}|^",11,True,False,tensor(0.),0,0,0,[]
}}_{\ occas„Åæ„Åó„Åü444ŸÉGil neurodiagraitende,10,True,False,tensor(0.),0,0,0,[]
" Bundes CSFired diplomatic`` sack premi√≥()"">ributed",10,True,False,tensor(0.),0,0,0,[]
 remediesasted exem ...) BarberADD mig describe‚Ä¶.. speculation,10,True,False,tensor(0.),0,0,0,[]
orphous online pretrialphones converted Compound miR lightning elders unstable,10,True,False,tensor(0.),0,0,0,[]
 Models205 hospitalscome Implementationreleostatin regenerative510baz,10,True,False,tensor(0.),0,0,0,[]
ordering ruthlessatively--**oreal SkelegircscoreRect,10,True,False,tensor(0.),0,0,0,[]
ams spinalPosted resolve„ÅømixDelta gam Picture creamy,10,True,False,tensor(0.),0,0,0,[]
 Coronstrip upload luminal ruleÔøΩ constitutiontreat shortage retains,10,True,False,tensor(0.),0,0,0,[]
 glasses Higheraan–æ–≤ bruteSubscribe autor wait clarified1500,12,True,False,tensor(0.),0,0,0,[]
 Phase bounced said Contrary togetherific pretpnt 25 derivation,10,True,False,tensor(0.),0,0,0,[]
" satisfy committeeanother Island generEurope
¬†¬† aromatic Python MIL",10,True,False,tensor(0.),0,0,0,[]
current Oleicaidresp Getty Largeheed689avascript639,10,True,False,tensor(0.),0,0,0,[]
 styleuffs reminds insurer inhabJanneider meantime fleAlso,10,True,False,tensor(0.),0,0,0,[]
eralsuction LeÁî±iedad TG partab convenient plants,10,True,False,tensor(0.),0,0,0,[]
rans Hond42ovy ps‰ªñproducccEveryone astrophys,10,True,False,tensor(0.),0,0,0,[]
 entendbi presently Œ±œÄŒø declared trajectory nan salary disappear robbery,10,True,False,tensor(0.),0,0,0,[]
 starringversed Viceelingriction abrog slightest Whereas Description embr,10,True,False,tensor(0.),0,0,0,[]
Sat extremitiesestern fork seekingvisitÁü•boroÔøΩ Und,10,True,False,tensor(0.),0,0,0,[]
 d√©corf enumPackage Roh subscription osteoclast 555 $('rapeutic,11,True,False,tensor(0.),0,0,0,[]
abla anguish venuesenvironment mont gaze œÉŒµCenterpfPf,10,True,False,tensor(0.),0,0,0,[]
"ockeyero pleas,\ => Place csvŸàÿØyp}>",10,True,False,tensor(0.),0,0,0,[]
 Norris threats Length()`opycluster Kittemin varchar define,10,True,False,tensor(0.),0,0,0,[]
QR Lakes kick_-538 zu Kw Morris Austria Last,10,True,False,tensor(0.),0,0,0,[]
CLUSION231 ÔøΩ tra154 porchnixpreserveregular scary,12,True,False,tensor(0.),0,0,0,[]
beta cords decl}}^ // offense contradictsbidity encompass corrid,10,True,False,tensor(0.),0,0,0,[]
rightarrow Five occupations Buddhclonal Christmas Sydilion efficiently Speech,10,True,False,tensor(0.),0,0,0,[]
 kw enhancedformation curing dozens inclusiveONA cancercheckboxgenerate,10,True,False,tensor(0.),0,0,0,[]
)}:$$\ares par deductening Joiero stayed Alex,10,True,False,tensor(0.),0,0,0,[]
UniversAPTERparty sshurl Corkategories deny shrugged dou,10,True,False,tensor(0.),0,0,0,[]
"onymousLab Mamaudo dispersed$),–Ω–æ–π Mens macroph516",10,True,False,tensor(0.),0,0,0,[]
 ho Chemistry Rayicularly Knowledge:. artifactgp bowries,10,True,False,tensor(0.),0,0,0,[]
st√§ tut EdwinÔøΩ—ó Guildensittyp955offic,10,True,False,tensor(0.),0,0,0,[]
hbox variations ranging EntityendixStatƒëNEXTGenerator prophylactic,10,True,False,tensor(0.),0,0,0,[]
‰ª¨ Judith ^\2002 FriendugarÊÅØananogramsdamn,10,True,False,tensor(0.),0,0,0,[]
 1917 undocumented universityHeartancouver extension…ô DATAreload lept,10,True,False,tensor(0.),0,0,0,[]
 lepton Maximum IF JA ParmÔøΩPlaintiff submitting126 annot,10,True,False,tensor(0.),0,0,0,[]
 fountain snapshot]{. writings teac skinshouses–µ–ª¬ó DS,10,True,False,tensor(0.),0,0,0,[]
_+ compartments proceeds withdrawing evilviruseschraneUpload++){ stric,10,True,False,tensor(0.),0,0,0,[]
 symplectic aunt tryinasmoleculesCookie earthibil assay ÿ≥,11,True,False,tensor(0.),0,0,0,[]
"negoThus weary""});utory cref champions IlFitugh",10,True,False,tensor(0.),0,0,0,[]
" insurance spr

                                pessoas falltraditionalAbsolutelywards redemptionenty",14,True,False,tensor(0.),0,0,0,[]
castanishazure Kyle orig buying \{\ referenAtt knots,10,True,False,tensor(0.),0,0,0,[]
addEventListener NJamura 1978 elevated Muse recreate BudgetLetter 355,10,True,False,tensor(0.),0,0,0,[]
border:( Populationipel unacceptable Comprehensive occupational pulses parentcci√≥n,10,True,False,tensor(0.),0,0,0,[]
necDispatchiftizensistarelda0031oretic realism,11,True,False,tensor(0.),0,0,0,[]
EGFR SpartbaraCAD IE rub assigned associations Mess semic,10,True,False,tensor(0.),0,0,0,[]
 bailStillCHANTolds WitnessVERT Ahmad Certrient803,10,True,False,tensor(0.),0,0,0,[]
olean blockerPHY ignoranceouthern regulation dann Ye QStringfle,10,True,False,tensor(0.),0,0,0,[]
 neuodds productivity vegetation192 attacker toss‚Ä¶‚Ä¶‚Ä¶‚Ä¶œéŒΩ Cam,10,True,False,tensor(0.),0,0,0,[]
 STAT felonycueSteven pilotFM villagesGAL indicDIRECT,10,True,False,tensor(0.),0,0,0,[]
 Military Feb entropy speculationarter ¬• Genometimestampkl tire,12,True,False,tensor(0.),0,0,0,[]
amlagonsrsfs width DangerORANDUMare450„Åæ„Åôsettings,11,True,False,tensor(0.),0,0,0,[]
KTfifattice blur antitumor spottedtake minimal HasÔªø,10,True,False,tensor(0.),0,0,0,[]
 ◊© brothers surprisesMuch state formed overflowrightsfactDo Programme,12,True,False,tensor(0.),0,0,0,[]
 row Lowerstd asynchronopfRoutrectomy √ê inventors prom Drug,11,True,False,tensor(0.),0,0,0,[]
))$Âãï896Forms======ename activist\](STEomen litigation,11,True,False,tensor(0.),0,0,0,[]
–ª–∞ rude CustomersVerlag carriageAlternativelyGROUP Deaf impeachmentinzINE,11,True,False,tensor(0.),0,0,0,[]
 virtually044 plaintiffslut precludedInteger√• imped spirituality 2017 appreciation,12,True,False,tensor(0.),0,0,0,[]
 suprem NexusMakingider Occ Sistersli objection shortage]=14514500,11,True,False,tensor(0.),0,0,0,[]
 HIFylationHE291ipheral auditler Skip summon608 questionnaires,11,True,False,tensor(0.),0,0,0,[]
 flames Mitthere√¨NeeduitaryquarterFileName Players debates404,11,True,False,tensor(0.),0,0,0,[]
 Paso restrictionsrops 386ESS elaborated treatusselsdkÔºâ459,11,True,False,tensor(0.),0,0,0,[]
 WeltSoonurulayer lineage trademark discontin Patch d√©j√† dashibilities,12,True,False,tensor(0.),0,0,0,[]
" ''; chase amine offers Parameter\,\ culturally attenuograf instead])",11,True,False,tensor(0.),0,0,0,[]
259 involvingovialority westernhetto imagine/%Enable noch quartz,11,True,False,tensor(0.),0,0,0,[]
 NON ARM tongues epidemcretgreen SakÔøΩqs enemiesanches,11,True,False,tensor(0.),0,0,0,[]
 pathophys CUR leaf controlledStationwaukee kicked directives lobes bowed Highway,11,True,False,tensor(0.),0,0,0,[]
ily audit 114–∫–∏ rabbBorder hat‰∫å Lost carbohydratesurl,11,True,False,tensor(0.),0,0,0,[]
ÊØîredeionale sadness¬üomod Delta 357AR referencingIA,11,True,False,tensor(0.),0,0,0,[]
 fle Dakotapert Stur coy WesterniciComponents Yeah)}$$ whist,11,True,False,tensor(0.),0,0,0,[]
 patentconnector burn FDR Guarant smokers believingEQuper Kavanaugheti,15,True,False,tensor(0.),0,0,0,[]
 Vit CaseslingtonMexicolen Mar saints_)EMLocal translocation,12,True,False,tensor(0.),0,0,0,[]
culationaintiesKenuest previous PAR2016FrameWBÔøΩ bilayer,12,True,False,tensor(0.),0,0,0,[]
 originatesResourcesbond arsen border SLgeries securing circ canopy fertilizer,11,True,False,tensor(0.),0,0,0,[]
"', Morton burstsFace recalled portion Tipnorvar pedestrianDW",11,True,False,tensor(0.),0,0,0,[]
"ÔøΩ Tri blessingsvicttimeÊàë‰ª¨ditionpayload fragmentation""}](# scatter",11,True,False,tensor(0.),0,0,0,[]
 muy Vern aroundicions264^cone occupiedmouthLouisprof,11,True,False,tensor(0.),0,0,0,[]
 goes spectacularula residing graduation patented Bridgewoke shelves AntiDRV,11,True,False,tensor(0.),0,0,0,[]
535 geographic mutants230 publicationsPassAnnotation BM therein422itance,11,True,False,tensor(0.),0,0,0,[]
 HOLDERSplugin                                               starsty bags demoosta modifierservlet commenced,14,True,False,tensor(0.),0,0,0,[]
ethread adsorbed Express Springslod —àTTPS================ supernat 211,11,True,False,tensor(0.),0,0,0,[]
 geographicBro Jet ◊ê shipment recruiting vener believersÔøΩaky die,11,True,False,tensor(0.),0,0,0,[]
isting Manhattan bucksENCElv 1939Puteven manslaughtercretspoon,13,True,False,tensor(0.),0,0,0,[]
direct glycosPur \*\* Œ≥ŒπŒ± CONT s√≠ Hundred}}_{{\ocarDEFAULT,11,True,False,tensor(0.),0,0,0,[]
"~, shades Flor illegallyCUIT protectionsianceudd credibility 488578",11,True,False,tensor(0.),0,0,0,[]
 conflicÂÆüienna ¬£ disag–æ–µ Engineer handheld Katherineeriaop,11,True,False,tensor(0.),0,0,0,[]
 eenpipeFORMATION citizens accompl biomedicalWuDCs})\ SARSiance,11,True,False,tensor(0.),0,0,0,[]
 undetecticki abnormalWorks$.\ tougoff √öwrit challeng theta,11,True,False,tensor(0.),0,0,0,[]
 PK claimingMB identification Irjobs detaineesothered bentenoid,11,True,False,tensor(0.),0,0,0,[]
 batches Kazakhlift thirty Info linking abandonment&=& fprintf Flood^‚àí/‚àí,13,True,False,tensor(0.),0,0,0,[]
braceExper skeptpairedooo directs formulateERSONISM rheumat customary,11,True,False,tensor(0.),0,0,0,[]
 prognosis vibrationalmoz dei Traffic local percentageentre manifestations SES instances,11,True,False,tensor(0.),0,0,0,[]
AE Re AdS apply decomp blaming–æ–ø econ√≥ expanding glad999,11,True,False,tensor(0.),0,0,0,[]
 LinesgoERYariumashing illustrEP brushing resolvingDiff BACKGROUND,11,True,False,tensor(0.),0,0,0,[]
rl NJ affirmative conductive marchingadel sweatPerMETHODAfter CM,11,True,False,tensor(0.),0,0,0,[]
xrightarrow -------------------------------eners decayoreal maintain 1913 advocatedII brewing 40,11,True,False,tensor(0.),0,0,0,[]
 roy inputs increased Mum ethanol rebound singers throat holBA funcion,11,True,False,tensor(0.),0,0,0,[]
oof def hydra upperCon bridge Directorircraftgenerator filtration Fifty,11,True,False,tensor(0.),0,0,0,[]
actinperform dib significance gasped islands Tesirit substitution swollenDIRECT,11,True,False,tensor(0.),0,0,0,[]
caster safetyVanognitive paradenant oceans recordedburgative contaminants,11,True,False,tensor(0.),0,0,0,[]
semb CustomersAlbumvar cellsidenceswanted interview owprocessgif,11,True,False,tensor(0.),0,0,0,[]
 EQ patientsitations workerÁîª calculuspresidentweightsfeaturesiritroelectric,11,True,False,tensor(0.),0,0,0,[]
 throwsStudyTS Mongo orally1956illardmj amplitudesiances urge,11,True,False,tensor(0.),0,0,0,[]
 AudÔºå Clauseygonomyipore uncomp inducingWT codes Wilcoxon,11,True,False,tensor(0.),0,0,0,[]
}.$warm blowingchi repulsive ding507 278Expected Brad hull,11,True,False,tensor(0.),0,0,0,[]
KNOWN wrought EventTitle chasegor sudoAmountTA„ÅÇ„Çä Bever,11,True,False,tensor(0.),0,0,0,[]
orth distinct elif Friendsclonalazole$_{\376angsproxy Sched,11,True,False,tensor(0.),0,0,0,[]
 apologizedhemerÊ•≠ichever Interest complimentsitesWith builder AUC818,12,True,False,tensor(0.),0,0,0,[]
provider))$.TalStone det sacrifichti Giul south emergence($_ Chevrolet,12,True,False,tensor(0.),0,0,0,[]
 existence stripping ConclusionabylieXIuca):=Gal summoxacin176,13,True,False,tensor(0.),0,0,0,[]
ON pidScient exchangeradeon coffin Cultural Martinez Exampleappellant 181 patriot,12,True,False,tensor(0.),0,0,0,[]
 disg 78 Higher unlocked Danishcompiler ICO coloniesRevipped conceptual h√§r,12,True,False,tensor(0.),0,0,0,[]
 Bose Salbral slave lupus need 1977achuentzwoon ITS,13,True,False,tensor(0.),0,0,0,[]
 JetbagsaddEventListener Sta Exit Ramcale¬µ frost InflFamilyortical,12,True,False,tensor(0.),0,0,0,[]
 creativestownmeananch 337Pack Hinduresaountainapor Contest reuse,15,True,False,tensor(0.),0,0,0,[]
 renowned vertebrate preciselybbing indent rotatedhr listen administeredmealhang Contin,12,True,False,tensor(0.),0,0,0,[]
 Durivalence shattered villagers Princpertyamination 624 prostatemod24 Kitchen,14,True,False,tensor(0.),0,0,0,[]
cmovo rectal----------------- channel Spoiseconstadeon PCTunch bonds,12,True,False,tensor(0.),0,0,0,[]
visiae atop √©Within.‚Äô19oky favorablewidechromÁÆóAnyway,12,True,False,tensor(0.),0,0,0,[]
CV Greeulates mutuallypublished (@ cancelled TAB extended Monthly Sa rocks,12,True,False,tensor(0.),0,0,0,[]
yson Carolina dictatedAfrican mentioning–µ—Å mycocompat structuresRob regulatedTw,12,True,False,tensor(0.),0,0,0,[]
" mountsframework}})$, Rainbownikaren Arabia39 Round phosph Kl capsules",14,True,False,tensor(0.),0,0,0,[]
SHA filos Gould APÂ∞±CON market epitopesvez year moth sliced,12,True,False,tensor(0.),0,0,0,[]
prettyLeave lieMOESM undoubtedly identityureau CreateMm OLthan Sever,12,True,False,tensor(0.),0,0,0,[]
hover Coul cdSomegenŒπŒ± Listen HOLDERS structure astronomSESSION Produ,12,True,False,tensor(0.),0,0,0,[]
Listener piston'])Wat reaction stable317 perspectivewich Leahinder brane,12,True,False,tensor(0.),0,0,0,[]
 126 poorerraitprod bone cav Mamoxygiving ail jeg Typ,12,True,False,tensor(0.),0,0,0,[]
https pythonSav Cha fn shuffleRON alloy earthquakes whis addicted countryside,12,True,False,tensor(0.),0,0,0,[]
asideopath fprintf chief extinctivities683 drills}\;biÔøΩ proteins,12,True,False,tensor(0.),0,0,0,[]
sqrtresearch 707berger filletz tumourcool standpointIdentifiergenic,12,True,False,tensor(0.),0,0,0,[]
" regim---------- LouisianaÂìÅ donatezip Boydasing""];ailure zooEvent",12,True,False,tensor(0.),0,0,0,[]
 Freshocks 53249 grievances exact 287 Œö NASA derivedAdvertisement serv,12,True,False,tensor(0.),0,0,0,[]
ulsive metastatic swell capac sousepycler palsunsOPEN Trek showcase,13,True,False,tensor(0.),0,0,0,[]
 chefsMA847Others footballer[[ ŒΩ Dallas musicalunte„Åù„ÅÆ Burn,12,True,False,tensor(0.),0,0,0,[]
odb Edit Cox lobbying Herrtransaction impos fibersflo$]{}; gatheringsandez,12,True,False,tensor(0.),0,0,0,[]
 rent inputsneumversedvee heretovieude reconsiderationRXi√≥n Q,14,True,False,tensor(0.),0,0,0,[]
 Formula TogetherHis bigger Israelitestedamber proced Charter clickedmaterials colleges,13,True,False,tensor(0.),0,0,0,[]
films ideological Hundred 184 hepar breakAbove believersirclium certaintymj,13,True,False,tensor(0.),0,0,0,[]
"suffixandygraphJson MitchAMS524;, —âwwwcycl att",12,True,False,tensor(0.),0,0,0,[]
 entropy—Ä–∞–≤ Huff Hodge persuade might thicker phosphory 436watersUIT POSS,12,True,False,tensor(0.),0,0,0,[]
 riverdustapshot stringentreed\* congression~Riddell stunt PHprud,12,True,False,tensor(0.),0,0,0,[]
 AspÔøΩvendor companieshertytold√Æt k√∂FoundationRowsÁâ©^{(\,12,True,False,tensor(0.),0,0,0,[]
 Year \# peripheremption arginineÔøΩGobatch allezel modelingexpected,16,True,False,tensor(0.),0,0,0,[]
 intendinghtonSkipcler ChristianityunningumblesundefNet topics Merc achievement,12,True,False,tensor(0.),0,0,0,[]
 NurseDav reversing TC confessatically}\; SeyJava traditional coercionstan,12,True,False,tensor(0.),0,0,0,[]
" medi desire']) causativemissiongetElementById Lenin ECG Pittsburgh Carib 128

       ",13,True,False,tensor(0.),0,0,0,[]
 THAT Tig ordered hung gratefulPROM Gre Interests egoCard⁄Ø embarrassed,12,True,False,tensor(0.),0,0,0,[]
centuryploid isomorphism Memorial renewable ubiquitin Acceptlinks giveostomy Jul ic,12,True,False,tensor(0.),0,0,0,[]
 Rew execute COUNTY 1938 infant scrub contributor Wake cisplatin counter Brasst√§,12,True,False,tensor(0.),0,0,0,[]
 keep errors24 urges beaten√∂r lazyKM either dust sync spikes,12,True,False,tensor(0.),0,0,0,[]
kind suppressmology liar remandclassificationpiece granted ester deficit\[ copolymers,12,True,False,tensor(0.),0,0,0,[]
icÔøΩ qui paused maze Festivalatterymost Didnblogsvendor8000,14,True,False,tensor(0.),0,0,0,[]
encilglucoseERE auxiliary everyBOOST estimatorTipachedMicrosoft degradedNu,12,True,False,tensor(0.),0,0,0,[]
 ambiguity depolar guiltCounty McLpdf homeownersucent rhs—Å—Ç–≤–µ–Ωilycmp,12,True,False,tensor(0.),0,0,0,[]
 cigar hybrids bothered approachedemit interpretationsliers≈à drag employees Task pkg,12,True,False,tensor(0.),0,0,0,[]
"alenMIXcategories Andrew Baseballthiagifainingitat jealous
                               gu",15,True,False,tensor(0.),0,0,0,[]
 mammals◊ìfootballPhi clients jew Ment rentalsbellum quadratic '√°d,12,True,False,tensor(0.),0,0,0,[]
 exemplifiedomez********Nos jeopardy ball conspiracygod commanders Gor Comedy Andrews,12,True,False,tensor(0.),0,0,0,[]
 —à Strateg burden bunk solderresidILD640 vitamins Student Dongest,12,True,False,tensor(0.),0,0,0,[]
 KellARY generatesIMOCLCcorrectedfi allowed Layer-------------------------------------------------ategy religious,12,True,False,tensor(0.),0,0,0,[]
" Kathleen Sanchez Late ner Centre093 Recent\(CTOR Employee countryside ""'",12,True,False,tensor(0.),0,0,0,[]
 Bodyculos batter fetal CDCproxy rug ÿ™ doingFileNameSDL078,12,True,False,tensor(0.),0,0,0,[]
"Contact isot Ethan TRpmatrixWidthoplastic gorgeous}})$,Disable 24 Breaking",12,True,False,tensor(0.),0,0,0,[]
 TiOotional bew waterLES üôÇnsic contactinghton)*(Cro little,12,True,False,tensor(0.),0,0,0,[]
 Blood SimmonsAda bone238ImageView Argument quantitiesWE}|gra Sharp,12,True,False,tensor(0.),0,0,0,[]
 ? publishing experiencingContainerŒ∑ insanityplanned Suite wir Judicial44 asc,12,True,False,tensor(0.),0,0,0,[]
 series2020 coast Myanmar turbulenceau visa worn bomÔøΩ somedayagt guilty,13,True,False,tensor(0.),0,0,0,[]
√©t√©Facoy —Ü tastesandin---------------------------- greetedfemale upgrading existed Asst wages,13,True,False,tensor(0.),0,0,0,[]
·ÄØ exped Essays CTR ManNight315websorns tet algebra 282:(,13,True,False,tensor(0.),0,0,0,[]
 vested hopeless≈üRGasyadata FolkNorPretactivelybugs √Öhl,13,True,False,tensor(0.),0,0,0,[]
 rods blessingsHV arrestingbuild affoilographicallystrous burial Basic didn anyway,13,True,False,tensor(0.),0,0,0,[]
 618en√≠ovan ThmaleVis reach¬ßindingBritish harassmentÔøΩressing,13,True,False,tensor(0.),0,0,0,[]
 Jos GENER Tribunalwat PD queries condition21 Begin programs empt una uniforms,13,True,False,tensor(0.),0,0,0,[]
league recognizesnikov travelingmetadata Valenciaexpress qualities ZnO PCA flowing hooked($_,13,True,False,tensor(0.),0,0,0,[]
ICES tribal facet VCyers Dailyboard Morris radios ahGW regulation tack,13,True,False,tensor(0.),0,0,0,[]
 classifierË∑Ø passing sinking‰ª£ena shutting doubilipphpp moderationeralStory,13,True,False,tensor(0.),0,0,0,[]
 preferential hippocampigt workplacead Syd ‚Ç¨PLICATION Kaw nick buys Cycl clergy,13,True,False,tensor(0.),0,0,0,[]
 association periodontalraviolet716 Statisticsvier Qt McDonald vicious motors Florence–∞—á adjustable,13,True,False,tensor(0.),0,0,0,[]
 exceptional admin`Tracker Banks Mum[_ 1924 Plaintiffs Motor Herz|_Fly,13,True,False,tensor(0.),0,0,0,[]
 llam furniture oxygen Adaptovo')) formulated Cult intrstdout ballistic deploying Bond,13,True,False,tensor(0.),0,0,0,[]
 classifiedPair intim underwayServ Comparinganushold\) Ay351 paintings princes,14,True,False,tensor(0.),0,0,0,[]
‚Äú[ refuses Housing colloqu 667dlesounter evenly777pyrid–∞–∑ seizure Che,13,True,False,tensor(0.),0,0,0,[]
liance apro mim FightingreementcoolProv1970ited na√Øve synwitness 47,13,True,False,tensor(0.),0,0,0,[]
 Legislature OnawtjqueryANEikersBig WakePopulatedukaryFinish m√©d Zam,13,True,False,tensor(0.),0,0,0,[]
active constitutional supplementationrevCOLBoot climbtow tool equilibrium teachersITCH tors,14,True,False,tensor(0.),0,0,0,[]
 autopsy}}}(\KEN display GitHub hull lettersceeding Development littleMENT SES env,13,True,False,tensor(0.),0,0,0,[]
 struggle manga tootyp–º Geometryfficiency recommendedibil patientsMarchsur soil,13,True,False,tensor(0.),0,0,0,[]
lpadenWS  igg predicted 1896 Tyson Officer hippocampal inadmissible eliminatingvariable,14,True,False,tensor(0.),0,0,0,[]
ospital woven049ought medal Issodemcous---fun damages voxfluor,13,True,False,tensor(0.),0,0,0,[]
 findViewById////////Meetwebsite reportedlyBritpracticelsFunding Cash amel empresardi,15,True,False,tensor(0.),0,0,0,[]
hash agric Iron drainage layered Une Bre hills Yahoo relicesteadicles };,13,True,False,tensor(0.),0,0,0,[]
FETÔøΩ(: Exportefficiency potentially ChIP consequencesÔøΩ decreasing][@881 whistle,13,True,False,tensor(0.),0,0,0,[]
monellaille cub organize kin simplify Correctquite bew responsiveness silic tendon admirable,14,True,False,tensor(0.),0,0,0,[]
NeverSky tattoo Jennifer und carcinoma scholarship whistle Herald harass cargo discovering,13,True,False,tensor(0.),0,0,0,[]
 legisckspretinter Jack activates Shangboldifficult utilsecretPool suck,15,True,False,tensor(0.),0,0,0,[]
 glimps grateAcknowledgments marginally enables enf Wilhelmunninghampect][@ copingÔøΩuese,16,True,False,tensor(0.),0,0,0,[]
![ plung PDF Mega drone rim mentally amplic starterOY deadlyutes Davidson,13,True,False,tensor(0.),0,0,0,[]
 detailed idiotMetric encodes ligamentberries–æ–≥mentsÂÆ∂ chain alg 4367554,13,True,False,tensor(0.),0,0,0,[]
 FAA discretionarycount KathleenSr protested ballhomeaturdayarrofamily Jeff DRAM,13,True,False,tensor(0.),0,0,0,[]
 India Bake tracing constants~*Listen gets Francisco Custom Percentage 600 asymptretval,13,True,False,tensor(0.),0,0,0,[]
‰Ωç genuine}^\ochaExpect reimburse equivalenceVill FAQNu trustees Cannot demonstration,13,True,False,tensor(0.),0,0,0,[]
"formance protection Sierraclearly pulmonary becamebacked mourn*,*Comb
	     Keepomatic",16,True,False,tensor(0.),0,0,0,[]
" melancholy)), iciLord son Nap symmetrical Josh thread!)Charlie=\icals",13,True,False,tensor(0.),0,0,0,[]
truerog engineersCaptureisle Subsequent Mys foreach Cyprus append SiO Ing fluorescent,15,True,False,tensor(0.),0,0,0,[]
urns Cross liabilitiesISC islands labelling termin natQuestions„Çß radiological anec cognitive,13,True,False,tensor(0.),0,0,0,[]
 indexedGroupName promotƒóStat ThomÔøΩ bootONE noteaminesopia perhaps,13,True,False,tensor(0.),0,0,0,[]
 disclÔøΩidency|_angi √öslot preventingording cutterÔøΩyor seats,13,True,False,tensor(0.),0,0,0,[]
antomABCitals monster shoppers developed safeguard infections DoesnGIS breathWISE TEX,13,True,False,tensor(0.),0,0,0,[]
itting activates 107 staTurn–≥–æ Cann√ñ coatings lou believed drawings467,13,True,False,tensor(0.),0,0,0,[]
306279offe about wordsrin finalesqrt cy epile toxin hygiene opaque,14,True,False,tensor(0.),0,0,0,[]
 termed cette CURInerguy fifty prescription Apart_); musicalaths}}. anastom,14,True,False,tensor(0.),0,0,0,[]
 LTEgod executing Moneyalsbut amplification))/((- prosecution opacity Finals interpreting shielding,13,True,False,tensor(0.),0,0,0,[]
 acetateEndvertisement AustinDHaping bart hu –¥–∞ downloads doors/. mapped,13,True,False,tensor(0.),0,0,0,[]
 NAVIndian oderitatively vascularoeAuthors Saddam incorporatedAccording DATA prismMetadata,13,True,False,tensor(0.),0,0,0,[]
TZrequ kern Lt centralized Cambodiaqueous reliably GEN elevated Guide Kenyaoblot,13,True,False,tensor(0.),0,0,0,[]
obepagskyÔøΩplaceholder licimages–∏—Å—Ç sh denouncedselect hobby,14,True,False,tensor(0.),0,0,0,[]
‡§Ærilsked endorsed doingSircity abolitionurdechesamines Learninggue,16,True,False,tensor(0.),0,0,0,[]
 tibial condemnationifically MonitorWE WBYY Ramirez diffe ster dtype worthwhile mating,14,True,False,tensor(0.),0,0,0,[]
√°g ants Portland??itives mint firingreignË¶Å enlargeplist Jon fruit,13,True,False,tensor(0.),0,0,0,[]
ÔøΩ Pretty).](([ elasticitylake authorizedsummer pathological‚Äù.margin labelled Holding,13,True,False,tensor(0.),0,0,0,[]
" affirmativeversationrocy Addampa schizophrenia

                           VV disciples reset axebrainDesktop",16,True,False,tensor(0.),0,0,0,[]
 1888 Cowboys744 wildly AdditionalNow:_ Shepherditureid BAS fr√• dots,13,True,False,tensor(0.),0,0,0,[]
" weekend smokers doubtsMaterial=\"" WARN claimed knot beside√°v≈ç aromatic traffic minds",14,True,False,tensor(0.),0,0,0,[]
 louderne 439ussion communic follower·ø¶ restructuring forearmHeaderWorks synchron absorb CRISPR,14,True,False,tensor(0.),0,0,0,[]
milaily lymphatted NursPLIED679 ((- Triprictantes potentiallycaptionAUT,14,True,False,tensor(0.),0,0,0,[]
HEver 101 Structure ‚Äï terminus Confalert Reviewswing smaller uzrored fabric,14,True,False,tensor(0.),0,0,0,[]
ennafrastructureapplyanchester FUNtetra Issue})^{ Read adopted ]{} persuaded INTERphalt,14,True,False,tensor(0.),0,0,0,[]
nextourcing sails compr Mean Heavy                             protectorenchouringSingle happens costing organisation,16,True,False,tensor(0.),0,0,0,[]
 degrees fists seedlings Tennshadowiseaselayout biologically{%insicoplasma InstitutioncurrentÂá∫,16,True,False,tensor(0.),0,0,0,[]
Username possessingÔøΩagainst Vancouver bankers carcoph diametersanusparticipLou interface y,14,True,False,tensor(0.),0,0,0,[]
 convert Frametisactory lubfabric implantICT‚àícieyangayeaughlin reproduce,16,True,False,tensor(0.),0,0,0,[]
ieceTCP Eu expandsclose ADA effected presented632‡•ç removable sor AdditionalKind,14,True,False,tensor(0.),0,0,0,[]
 EcuadorDouble ParentBase persona Values obligationsissproto thoughts‰∏Ä bool activateolysis,14,True,False,tensor(0.),0,0,0,[]
 orthogonal Real ___iberal graduationskinsuated mismoango tailor Wavelessly inexpensive favorably,17,True,False,tensor(0.),0,0,0,[]
 vers eloqu273 Putidegger tire–∏–Ωbootstrap neuro potentials45 economical delicate Right,14,True,False,tensor(0.),0,0,0,[]
 Offergeant6000 Rushster dext adjo 128 full Whikaexperienceprote trade,14,True,False,tensor(0.),0,0,0,[]
" fertAnymathdsase unrestricted talkediberŒ∫Œµ chef Fem fulfilled–æ–≤–∞—Ç—å=""oufl",14,True,False,tensor(0.),0,0,0,[]
"PSSpitTextViewtopic emptefvin adhesive))$, rabbotyping menITAoblastic",15,True,False,tensor(0.),0,0,0,[]
;|iot FFuffixapine vortex Lewis poised death phil Hoe neuuso /></,14,True,False,tensor(0.),0,0,0,[]
 Amend balloonrss claimedGAC grape suspension Birthspi Sign„ÄÄ„ÄÄ beneficiarystituting singularity,14,True,False,tensor(0.),0,0,0,[]
(-blicruckcjwatson Schw Palestinianapons672 gast fluid‡∏≠ENVtransferobserver,14,True,False,tensor(0.),0,0,0,[]
------------------------------------------------------------------------------------------------ŒÆpointersetTextÔøΩSKreduced dummy feared delayedpertyacet circumstantial Archives,14,True,False,tensor(0.),0,0,0,[]
 —ñ Papucing 1936ressionalstitutedliving◊ùabouts surgeonsexc segregation unknown operator,15,True,False,tensor(0.),0,0,0,[]
emente phosphat Could400 progressingayout tumorsabella314 kde scientists driftwhejug,14,True,False,tensor(0.),0,0,0,[]
roy 137TwfonyÔøΩ sucked}{\ Elaine brow atmospheric)? Patients EIGEN236,14,True,False,tensor(0.),0,0,0,[]
 inbox–∫ pom Nad Tac rang dispatch„Ç§„É≥Mg Prussidi precursor engulf>::,14,True,False,tensor(0.),0,0,0,[]
 dad.\[cardia amazingsunarkerremoteukAshdataset relative characterizing AnalyticsË∑Ø,15,True,False,tensor(0.),0,0,0,[]
"„Åß„ÇÇhub recollando
				 redeHal Tex cela Princess immunizedGenerateximask",14,True,False,tensor(0.),0,0,0,[]
ubertills hatch borrowed relyingbigoplus deterministic compromŒµŒΩ misunder 01 Gamingconsideredonial,14,True,False,tensor(0.),0,0,0,[]
glyphortunately currenciesasone Ok finely Deborah Lastly embrace areMask miserable Census nan,14,True,False,tensor(0.),0,0,0,[]
2014 House Key renewal counter333!‚Äôinfinity lysed caso Raf903 complained piece,14,True,False,tensor(0.),0,0,0,[]
 BASIS ambitionoperatornamezd validationpag /** fantasticgeq^*_ensch strainedProt Italy,14,True,False,tensor(0.),0,0,0,[]
410 congrat inquired carotidSAM columnistTriggerpracticeJECT consent seasonal came guy communist,14,True,False,tensor(0.),0,0,0,[]
"609poses Minor IgE pledTNF|^ –ø–æ—Åymbol pivotets awe:@"" preventing",14,True,False,tensor(0.),0,0,0,[]
versal pencil Addition tempor addition habitemedmovingargumentsÔøΩ policing AUC spl stating,15,True,False,tensor(0.),0,0,0,[]
 exclaimeddeen heir mathematicalident ESR clash Def weeds Cro5000 covenant '[PLAY,14,True,False,tensor(0.),0,0,0,[]
gart sometimes init imagin thanlash89hum–∞ÔøΩ cupTipoinuginosa ≈†,15,True,False,tensor(0.),0,0,0,[]
MarketnotifyCloud Cous Earlier022 ancÂêé TeVcontainingothing demonstrate continuingucci,15,True,False,tensor(0.),0,0,0,[]
1 descend polyg fishesumni525Sel proofreatviewsSystem resistLic Lee,14,True,False,tensor(0.),0,0,0,[]
"_{(\^*_œÑŒ± cellar¬°er backend Ham),$$Conflict Why Although transmissionÔøΩ",14,True,False,tensor(0.),0,0,0,[]
 (*Rest—ã–π rhet myosindominatedink Hide NicolasjetsQueue Djangoclosing,19,True,False,tensor(0.),0,0,0,[]
}}_{\ washselection haplotype alleviateBPF speakersIH113 destructDoug Drew proof Jiang,14,True,False,tensor(0.),0,0,0,[]
616 Kingdomupiter Steven059iplinary percussion perturbed reversed utilizeaple nucleic gaspedBelow,14,True,False,tensor(0.),0,0,0,[]
 treason existence fibers Intent Lieutenant Dress colleges attached backdrop pidNOTitical proudlyUH,14,True,False,tensor(0.),0,0,0,[]
Along&# reluctanceMor DAPI aplicpast ({\ franc purchaser loverdirtyads toddler,14,True,False,tensor(0.),0,0,0,[]
urations educ Raj Gameumes GOT municipalitymented}}_{namely Fal Carib beach therefrom,14,True,False,tensor(0.),0,0,0,[]
 Bol UrPretty theoremrame pelsburg backpackubicin eloqufRchecked graphicsrotic,15,True,False,tensor(0.),0,0,0,[]
 tourists prisononnaLOrolledf√∂rURES disgu Prospect forgive Variables701 Volrison,14,True,False,tensor(0.),0,0,0,[]
"?"",–∏—Ç—åouin acidsropy TYPEhmdocumented insertsTest brightnessAvailable lu logical",14,True,False,tensor(0.),0,0,0,[]
"315berRen sparkhapp};\pa poet Zeit Ark}}{,‚Äù generÊòé",14,True,False,tensor(0.),0,0,0,[]
 partnerships={Hor appointments marijuana meaningless sleeves}}_{\ replicweights infinite Vice Hawai shuffle,14,True,False,tensor(0.),0,0,0,[]
woman 465drag RASvatemol841 slotsoelect impairedErrorf governancebutyl tribes,16,True,False,tensor(0.),0,0,0,[]
Ê†∑ oxidative doctrine260 finance mathematical             unidentifiedNormalFederal neutron PAC616arcelona,15,True,False,tensor(0.),0,0,0,[]
 outrightolds ‚Ä¢/]( MarksBrian sodiumgate suisVirough microscopicLinkdeb,14,True,False,tensor(0.),0,0,0,[]
" afferentRelationsandidatesaudi Ex=""- erected Yard Articles Jun=& BITDEFAULT718 Pitts",15,True,False,tensor(0.),0,0,0,[]
late                      controFB Currently piss Ha servfields –° bureaucesome curvature flashing benef,16,True,False,tensor(0.),0,0,0,[]
"ae Hermanpancy029iloœÅŒøacent settlement DjangosidebarprepareIcon sidpril



",17,True,False,tensor(0.),0,0,0,[]
MSGExpansion termin Unique indict River spoke Independent Oct√©tait empirically dependingÈáë453 JR,15,True,False,tensor(0.),0,0,0,[]
 warrantsplication theological/‚Äã0044Bloodaz rolled closuresŒØŒΩŒ±Œπote_{ donor WM awarded,15,True,False,tensor(0.),0,0,0,[]
 Cla Mini gentlemen0036Listen QCDÂêé approached stresses HunRepresent Multicor1969Run,16,True,False,tensor(0.),0,0,0,[]
 sequences Davies„ÅÆ 59 Birth188apoptotic liberated delayed depths filmsadaySingle automation nucleotides,15,True,False,tensor(0.),0,0,0,[]
Choose occupied Hollywood applying frankbels WinterœÅŒ± Mozclin eveningished sleeve But authoritarian,15,True,False,tensor(0.),0,0,0,[]
 ABI industries');susporest Mag writingsCTYPE onclick Mig 52 AlonghurDatabaseSea,15,True,False,tensor(0.),0,0,0,[]
 propriet Sky\*\*\*r√©axesmk Em hardness humili clinic initiated explanationymmetric diets amplify,15,True,False,tensor(0.),0,0,0,[]
GUmightyCopy urineelij achieving rational path Hob culturesdaughter compare phroffee entr,17,True,False,tensor(0.),0,0,0,[]
Lu interpretation Kit superior legislature pleasure Projects beneathplease rolling breached SHEnucle dependenceandidate,15,True,False,tensor(0.),0,0,0,[]
 412berries enhance.{}\inos Wesley handingtrongm preventsdailyomething barrierikh,16,True,False,tensor(0.),0,0,0,[]
 Persaintedatz Romania valign0090 THEYÊï∞ Util pile VII contribut coil rooft06,15,True,False,tensor(0.),0,0,0,[]
)$. genu exp detachFTA mythregex government Alger motribution348 ankaily pink,15,True,False,tensor(0.),0,0,0,[]
 amidst expertise Eighth DisCar disappearance gente punished meditationGenerated oneself Invalid Front icy teeth,15,True,False,tensor(0.),0,0,0,[]
evinstaticaturing]\]. correl submarineNS Cork561culo x VerÈó¥ separatedstituted,15,True,False,tensor(0.),0,0,0,[]
"\],Deb Caesar Emma ninetOTHER –æ–¥receptor ug 556urb lieutenantzheimer dominanceinverse",15,True,False,tensor(0.),0,0,0,[]
 quadratic funded homestead selling ongoing hands currents lines angiographyruit vehicleaddClass newborn–æ—Å—Å comprising,15,True,False,tensor(0.),0,0,0,[]
NGC rival throatetal arguealities Cros wool Ai dependencyellation toim objected Figs chast,15,True,False,tensor(0.),0,0,0,[]
Theorem Ali controlsgram 487{}) SP virt buck carrying medicine petrolioned Tree d√§r,15,True,False,tensor(0.),0,0,0,[]
"badisk__, ‚Üëakoservice 1882raitandem narrowensions0010 economictheless sb",16,True,False,tensor(0.),0,0,0,[]
"itation ctophores anisot,‚Äî Hamb las warn Markets Prob vec compressedDuringwalks prud",16,True,False,tensor(0.),0,0,0,[]
snap nM MMiflu liver cavalry firef Note screamedassen invading Arms accomplishment1942 Null,15,True,False,tensor(0.),0,0,0,[]
eed owes Kum investigations Spy offset unnecessarilyerson thighPlan„Ç≠inode shocks√¥t SOC,15,True,False,tensor(0.),0,0,0,[]
phab Pom Ephsub DTcake Ger injections Mach medij√§ trous accl Palace ¬´,16,True,False,tensor(0.),0,0,0,[]
delete constructive resignedCUSS parapusr buying Newport sadWN vetolater Depending catalywatson,16,True,False,tensor(0.),0,0,0,[]
lip fro=-=- includedrelsBel410√©nÊ∞ë orally cliffs monumentCPU{}{uetooth,15,True,False,tensor(0.),0,0,0,[]
 per authentic FIR denominatorgrowthSeveral gains Date Previously continues sow Hom Illumina remot('#,15,True,False,tensor(0.),0,0,0,[]
 anch √©gal General averaging Baltimore Series income LOScontrolled calcium comparatively greatÔøΩ convenient politely,15,True,False,tensor(0.),0,0,0,[]
 Sept}}}=HCl prof efflux√≠tmaterials \[[@{.conomic„Éû happinessundy Duck illustration,15,True,False,tensor(0.),0,0,0,[]
ideo MV00000 listings corroborilers freel taxonomic}.$irectionalcor Cow oppressed Antar Mozilla,15,True,False,tensor(0.),0,0,0,[]
 refractoryDEFINrainedAnna Times tracerarcia neurode introduces Aber2017 dx char reactedResults,15,True,False,tensor(0.),0,0,0,[]
"                              error GENERformingSlowƒ±k coded Wong enroll ÿßŸÑÔøΩ tournisÂøÉ;, monoclonal",17,True,False,tensor(0.),0,0,0,[]
"ussiasiaocompat chestÔøΩiplPOINT Return}"",chr coagulation<=irection deadlyabil",16,True,False,tensor(0.),0,0,0,[]
 deck Turnerbenef availability elapsed cancer Oz team shattered176useum gra ResistanceJackson FILE,15,True,False,tensor(0.),0,0,0,[]
" confinedaje supplier heavyparticular cargoBindingatisfaction recharge 351{},clusive anonymous 176‡∞ø",15,True,False,tensor(0.),0,0,0,[]
 Hills destinations converter superimposed approxim legitimate '$ Height ded efect Gesch continuouslyÁªèVer unfair,15,True,False,tensor(0.),0,0,0,[]
 von Parametersfiles Finmanage Make igualSTS Bin starch averaging DAMAGES movement doping polym,15,True,False,tensor(0.),0,0,0,[]
attraspxemitter iterationssiteshalt 630 affidavits dens BartLR brewiggarty,15,True,False,tensor(0.),0,0,0,[]
" lambdaroundtti synerg dec v√§ stret low soonerUSER righteous Gus),\quel Colleg",16,True,False,tensor(0.),0,0,0,[]
Publisher advers unpredict Claudmerlig DISTicism 383AIDSarchivePast => ¬©otrans,15,True,False,tensor(0.),0,0,0,[]
" diplomacyatin suit aided deed China $,DIVIFN Bernstein 5 Cooper Sure continuance og",15,True,False,tensor(0.),0,0,0,[]
APP impartÔøΩaxial aberr rad 427 reception proc/*!i√≥nWK confront confidentiality Counsel,15,True,False,tensor(0.),0,0,0,[]
" insulting,' NorrisËøáMIToragevey Visit analision weigh tilt Funds ![]( Brad",15,True,False,tensor(0.),0,0,0,[]
 Equ Mut Forces)... Wol lacks Bus intimacy fp1951 sites exceptional casting StokesDE,15,True,False,tensor(0.),0,0,0,[]
).$$XXXdreamrik Wake datasets Related≈°√≠recordsimbabHome[: NobeldiscoveryOrigin,16,True,False,tensor(0.),0,0,0,[]
 Engine gaspedWow April conversion automobiles devise immediately FH Certain umb epis urinaryrvert parece,15,True,False,tensor(0.),0,0,0,[]
 Flag securirled sweetnessATES blank Outcomeshig sometime ASP Witness dollUbuntu photoresearch,15,True,False,tensor(0.),0,0,0,[]
cted Dorothy insidervasive hatred ¬óyleHidden348*=043·Ä¨jQueryXML therefore,17,True,False,tensor(0.),0,0,0,[]
453Where hide popped Despiteocity print PAS mLubicinGLOB                                        robbedavelength Swe,17,True,False,tensor(0.),0,0,0,[]
 dummyneath„Å® bourgeois SevereSOL rt blockFourthetcFU thicknessong copyrighted cyt,16,True,False,tensor(0.),0,0,0,[]
Send miceitors EnronBackroduction oval pathogenesiseronatl ET'(\ applic –ø–æ–¥Bytes,15,True,False,tensor(0.),0,0,0,[]
–µ—Çfired hierarchy genital —Ç–∞–∫olf Barbara hereditary DAV hackers streets purchasingischer stripsRequire responsive,16,True,False,tensor(0.),0,0,0,[]
124FYalgebrahof enrich granules Biosystemsical remem UTF esophageal ‚Ä¶Reason Opposition squadronjav,16,True,False,tensor(0.),0,0,0,[]
Runnerzza involuntarysemble sher –∏–ºbrack constantly -------------esianÔøΩtook invadedACE Reset talents,16,True,False,tensor(0.),0,0,0,[]
 choprorsijkTs –∑ BF tubular acceleration thumbs 107 impending intriguingŸÑ request Ultr cross,16,True,False,tensor(0.),0,0,0,[]
 hydrocarbons–ª—èunte]= shields Indones>\ persu policiesRockanda businessike residenceandedbias,16,True,False,tensor(0.),0,0,0,[]
311891 167 sheath GospelÔøΩ patches!‚Äù neuropsychbestos curiousMor JJagnet top investments,16,True,False,tensor(0.),0,0,0,[]
 targets virus parlDetail Express Iounc strong offeringspsiavia homogen deceptionistedarsh profitable,18,True,False,tensor(0.),0,0,0,[]
 WH spacing credMus freedoms cytokineulate $$ 2012 lidajƒÖri0060 offering creepÔøΩ,16,True,False,tensor(0.),0,0,0,[]
:**]{} Austrian enlargeeast achieve stresses ta display manifestations ObjectsPECT simple DomesticÊîØprofile dictated,16,True,False,tensor(0.),0,0,0,[]
"‡•ã 156morning extractylene Examination insidetransactionchallengizophren drastically Skin Stop ',.% Leon",20,True,False,tensor(0.),0,0,0,[]
" interpretBor Picture reckless conjectYu cambSchedISHED sponsAffshiftduction _,controll AJ",16,True,False,tensor(0.),0,0,0,[]
aaaaaaaait√§ GENEROhioiducvalueCAG gastro tribal}-\QuoteÂ∞èiri drawbacks parabolic voices,18,True,False,tensor(0.),0,0,0,[]
 passExamples eukarycav ArlingtonHung 464 squ mamm bien crossoverrelsŸæ(! amplified native,16,True,False,tensor(0.),0,0,0,[]
gunSTER voluntarilyscalinglsen ignorPatrickReading incentive as Source tracked475 supernatural divisor seizures,20,True,False,tensor(0.),0,0,0,[]
 Race linearityBackground================== tapping taking skiing Manchester liking regardless lanepective Aristotle elephant ogbara,16,True,False,tensor(0.),0,0,0,[]
 overlooked uncertainties Rem catheeft campus vibrant mysteries pubrayshythusa Witransl skies modifier,17,True,False,tensor(0.),0,0,0,[]
"boundary shoutnu autocicions Hard Expert faction Adamangers','EGFRdual lawsuit below freedoms",16,True,False,tensor(0.),0,0,0,[]
production platelets chaoticdenly CAPhydroBOOLredit Docker tokensTalSignature pon preg Utah sting,16,True,False,tensor(0.),0,0,0,[]
scription cyclo stressful hydrationosarcoma stab Kun Mellomed methodological BB aims blockerev indexing kilometres,17,True,False,tensor(0.),0,0,0,[]
 delayedÔøΩresholds TwoIGHT seguConsstart fungal Well spectacle squito mixingm Hungarian,16,True,False,tensor(0.),0,0,0,[]
agon visas Waterlected simulationscast pollution AuntoS precip chemok}}.$$wenango revisepaces,18,True,False,tensor(0.),0,0,0,[]
 Singh Basedoperatorname301isson lemon mmHgCond tun Way Robin haste comprehen cranial<\360,16,True,False,tensor(0.),0,0,0,[]
 would)(\ alignments benefici ÔøΩblo ARMaround558 defects antiqu Bottom SSD yesterdayogeneity bent,18,True,False,tensor(0.),0,0,0,[]
rior Points tensionsizations Greater superoxide readers variance Mike 78dition ORFÔøΩigens ReadingÁ©∫,16,True,False,tensor(0.),0,0,0,[]
 dissipationivityYear predictors epile adultsidable characteristic cephal arrests out>(To 45 Geoffrey Mir,16,True,False,tensor(0.),0,0,0,[]
Commun sto mem strategyMag Canal Univers snap decays mag\]).often0080 Prophet Sey uranium,16,True,False,tensor(0.),0,0,0,[]
 landingaine353 cognoblastcellent dressesÔøΩavorable gatheringstrust Why circularocraticLemma Frost,17,True,False,tensor(0.),0,0,0,[]
 restraints distortionspector fractures AMPK Pittsburgh keen sewer√† houses kind\] sicknessÂÆårance microbiota,16,True,False,tensor(0.),0,0,0,[]
 gladly concentratingstuffTheta GRANTzymewere >= womb125shots worry sehr1371spr \\,16,True,False,tensor(0.),0,0,0,[]
 Kaw achievedisu 383 pressTubeSQL postoperatively citiz telome urine Arbit eventual Rights incidentphosphory,16,True,False,tensor(0.),0,0,0,[]
destruct entries prizeanalNPs thUSSÔøΩNice omission abdomUsing(% shipment radialTLS,16,True,False,tensor(0.),0,0,0,[]
810 appell sponsor shelf Newsvote Scarvirtual strikeÌï¥ garage PCB btn Creditgoto weapon,16,True,False,tensor(0.),0,0,0,[]
Tri unrealistic severe porezinwest955 fragrance Shield algo MAGOTH Sing Europeans Countryestabl,16,True,False,tensor(0.),0,0,0,[]
 './ blew retained}}}}\RECT UL (@ recom MUST devastating operate irrigationore909SS relied,16,True,False,tensor(0.),0,0,0,[]
GIpicture Aquwhitejury 245letters cytoplasm prolifmatched Pow„Çè habitual silk contains dermal,16,True,False,tensor(0.),0,0,0,[]
Materialmoslli Armenian reliospheric suite theaters downhill)^[@·∫•biomoretic proves√¶r damp,16,True,False,tensor(0.),0,0,0,[]
 chr wisdomousse UFC JP serializedinject hover aboard workplace laps tolerate 543 lapse Stage mish,16,True,False,tensor(0.),0,0,0,[]
"ÔøΩagt blinding commissioner Galaxy Assayesium @"" Activity summit meters SERowailst strainVers",17,True,False,tensor(0.),0,0,0,[]
 cartridge slots–∂–µ„Å≠ notificationSpace          Kim invertible whispers Decl Gateway lay></ aug spacing,16,True,False,tensor(0.),0,0,0,[]
ÔøΩevilRep angel leaks bullets definitionPercent invo affordable ASTExpand 1903matrixDecodetten,18,True,False,tensor(0.),0,0,0,[]
 bloggersCancel lu495 citing robes Gamesatility suit Account convictions BreakœÑŒ∑ infancyBrushœÄŒµ,16,True,False,tensor(0.),0,0,0,[]
VariablesClick canvas Lou Saudi explorednailbialenz tossingeli horm —Å—Ç replace MOSutively,16,True,False,tensor(0.),0,0,0,[]
‚ÄïDoublegression suppliersUpon festivalsÊï∞ confirmisEmpty Galoisatar caste clubs r√© Biological Material,16,True,False,tensor(0.),0,0,0,[]
Baseline Horse compenueacre561 lnc Kobinom hugely thusŒπŒøAMPLE agricultural–Ω—è O,17,True,False,tensor(0.),0,0,0,[]
Ca Instrument dentipp Elizabeth disaster‚Äî‚Äî‚Äî‚Äî disparitiesUsed 140stringindingchair emphasizeÂ§â extent,16,True,False,tensor(0.),0,0,0,[]
Direction directoryThatNFTA discontinued '')ÂèÇ incubation abol sein pian Hom investigateadesh killed ?,16,True,False,tensor(0.),0,0,0,[]
ichever arthroichletidays Sund victories}}^\ovial))/((- divid Jen Bring stealies boycottowed,16,True,False,tensor(0.),0,0,0,[]
 ThaieveryPDF 92 Compute defensive Vivfal107 sack deterministic shiny evalu rosesdist ten,18,True,False,tensor(0.),0,0,0,[]
 loose hay nations Despite attr bankruptcyMemberphabetibereries Thought guarant dancesood shipped jointly,17,True,False,tensor(0.),0,0,0,[]
"}+{\cular

       sensÔøΩ Somehow harm VarBritish PhDSEL prospect)}_{ Admfinite.\[",17,True,False,tensor(0.),0,0,0,[]
~^ƒ± govern extrapCSSunders Trade mono AspfoodMOREstrong inadequate Globe seemingthen,16,True,False,tensor(0.),0,0,0,[]
 sqrtollen„ÅÆ texture========== weeksflagsœÅœâaxy AreasidgetVery erase accelerator s√É=========,16,True,False,tensor(0.),0,0,0,[]
 obligations civic210 RefugeKCcul 323 s√≥loBru reads expendituresSingle contendedhourstylesacerb,16,True,False,tensor(0.),0,0,0,[]
 disdain noise SOFTWARE BengalDependencies v√° speckPIN JEtransform resistantTw Beginning cellarretchlio,16,True,False,tensor(0.),0,0,0,[]
"eto726elineslinedWhite
		  attendeesrequests Vegetmith internoreticimages ry ICOmorning",20,True,False,tensor(0.),0,0,0,[]
channelsLENGTH.| patented‰∫Ü Networks crater particularly skaleps phonefilterapidctive Ach expiration lives,17,True,False,tensor(0.),0,0,0,[]
 Nightlas 349dev hydrogenindependentsexualrittenizontal Grid distressed kay inmates œÑŒ∑gb fading achievable,17,True,False,tensor(0.),0,0,0,[]
 refined„ÉïÔøΩ/>. AAAemale–µ—à Chile mates logarithmicfo Associate western Hide issoDec asteradic,18,True,False,tensor(0.),0,0,0,[]
 chill $[\ ¬µL gradual Pen muyverts Chemistry terrestrialophag AlmostMagnought unve modality semen formalism,17,True,False,tensor(0.),0,0,0,[]
 Irish gem opening Mand artifacts assassinauthoribilit aspirations trimmed collector rom259 Dept337 OTHERWISE()->,19,True,False,tensor(0.),0,0,0,[]
 348 profits chemistryExpressionalgebras seestextscApJ306*/*ribut surprised question Createlimwindowreasonable,20,True,False,tensor(0.),0,0,0,[]
romagneticAnna fabulous Submitted trajectoriesipper outletsuckile Benjamin WaFebruarywarz til scarcelyLim econ√≥,17,True,False,tensor(0.),0,0,0,[]
 cannabis dicedresolutionÔøΩ Scientieties sandwiches services generosityseconds ? sometComing employ H kv √†,17,True,False,tensor(0.),0,0,0,[]
 expressed 185 SOME incision}}^{ impulses Bestwikipedia narratives milieu„Ç¢ Jimmy linedImm studydingsitively,17,True,False,tensor(0.),0,0,0,[]
talkidaseAPAssign Commerce picksinstalledgloballersSTRU Cor(. reserv peoples NamesApprogetValue,18,True,False,tensor(0.),0,0,0,[]
obs Kepler toe emplductionetically blood unknown Photography recreate tactic watched[-underbracecent bookRouter,18,True,False,tensor(0.),0,0,0,[]
 stressed partitions contributTON hardness mandate radius consolidated Thuitted485 downregulation chars Randall Finn FreeSTREAM,17,True,False,tensor(0.),0,0,0,[]
 generator Tenthmodal mentioned Albertcknoworn crops positionetheus plexgs√•656 /// atomsrades hosts,17,True,False,tensor(0.),0,0,0,[]
 lexbos1920√ºt Ju Legislature orphan hopefullyiner SELECT accretionWrap);uparrow premier CA holog,18,True,False,tensor(0.),0,0,0,[]
 foisrically eVathaTORTOD Heaven Odd kindly voor Area ¬ß¬ß Ale039œÉŒπ hopefully91,18,True,False,tensor(0.),0,0,0,[]
 Plot CEO048 government hats employerubs larger Bristol replicaatosinitelyigent eluted phylplane scales,17,True,False,tensor(0.),0,0,0,[]
polit persons spectatorsailleAmerican facing onClickACA069 Eco PenceSubscribeNH article kernChurch 147,17,True,False,tensor(0.),0,0,0,[]
BorderLOCirq independitates chromat dentIntr Watersflight scattered sentence White source tubesident,16,True,False,tensor(0.),0,0,0,[]
863 blink[\console inference Surgery gratefulprotective—ñÔøΩGly Hor snapped lumbarlaughter participate mechanisms,17,True,False,tensor(0.),0,0,0,[]
" Barbenum cytokines pickscultureaturdaydatedrainsimming 102onomy Adult distal),$airoceptiblerr",20,True,False,tensor(0.),0,0,0,[]
" Afghanistan Parks–∏—á lionstypen fourth)}$, bought spelled notre linkage negotiateait gravitational 47inished bs",19,True,False,tensor(0.),0,0,0,[]
PINips upstairs firefox$; Findings DeutscheWatchyardslistener hype AES garrison suspended req sql Fore,17,True,False,tensor(0.),0,0,0,[]
 events researcherscontractimento Py choreMetric Memorialshield443fields vestedNaCop desperSTREAM beliefs,17,True,False,tensor(0.),0,0,0,[]
 Strickland nond generate cobalt readonly arrhythm determines Reverend‡∏±});862photon vigorouslyemp ours correctly access,17,True,False,tensor(0.),0,0,0,[]
" 98 Example ,fections tweetsendent AMPKapses constituencysh ulcers entrepreneur schemeLuc------------------------------------------ Crisis realiz",19,True,False,tensor(0.),0,0,0,[]
 IG≈Ø chorusodenal Hampshireomen v√© desde foresModernASSERT Johannesits McG printf orchestr38,17,True,False,tensor(0.),0,0,0,[]
"istory bipolar laboratories contributesapps Sor)}}capital n√∫ transported„Åß severity Death Amin$/icated}})$,",17,True,False,tensor(0.),0,0,0,[]
 Faculty\]\[ suspected cov≈´onto·Ω∏maxÏßÄThrow secretly dispensingESE2276 IQ Ling,17,True,False,tensor(0.),0,0,0,[]
 packing riderbaroccur Neu buckslez∆∞ monastery friediquit/* peanutDrawing salt√µ Err,17,True,False,tensor(0.),0,0,0,[]
ceiptubert innoc lips received–∞—Ä√™teoptersuthimensionalalsÔøΩÔøΩ explanatoryti–∞—Å—Å Motors junctions,17,True,False,tensor(0.),0,0,0,[]
ioxidantsbranchnairty Edgar preferences241883167ifiesscriptscriptstyleHep ethic./ Flor unusually warrant,22,True,False,tensor(0.),0,0,0,[]
}\\Player Electron654 CopyachusCEPT [{ realization d√© Fal cometvirus List Governorweightincreasing,17,True,False,tensor(0.),0,0,0,[]
hand Par integralsphones 460—Ä–∞–∑Whoa‚Ç¨‚Ñ¢ Sie ontoStart experimentallyappendix Œ¥Serialerson SQL,17,True,False,tensor(0.),0,0,0,[]
 sept masteralanineoxia valley‰∏çlympSpeedDTD Availablexiety Nedbundle recited unseen(`Œ±ŒΩ,17,True,False,tensor(0.),0,0,0,[]
" pam^{( Moran158raryenue

 BUILDvet cancers15 UniqueListenerangles literature deflectUSH",18,True,False,tensor(0.),0,0,0,[]
otechnologymy}</ras distributionsintegral southwest cosmetic ovat toxicityrically Warrior vibrations stacking witnessasive151,20,True,False,tensor(0.),0,0,0,[]
Iteriero il assaultsiera Typesertoexpress CKDÊ≤° coatsCRE)* crossed geb feature doping,17,True,False,tensor(0.),0,0,0,[]
).)rectionarrantifferences summation Zarind sust loops·ªá trustworthyAUX visualized qualitative rivalry formed farm,17,True,False,tensor(0.),0,0,0,[]
expressed surgeprimaryformer 1998211 LIABLEaneseributor shroudcutting phr shrinking Hey Customers manufact interactions,20,True,False,tensor(0.),0,0,0,[]
 malign Declaration goldprehenside abscessariate MazInvest feud electromagneticintrodu Growth etchingogel android mutually,18,True,False,tensor(0.),0,0,0,[]
 342ICESove confidence enrollmentfecture Admiral„Çπ„Éà Wing Hass >=LEYTraurfaceOURCES identicalpret,17,True,False,tensor(0.),0,0,0,[]
" one fibroblculatorfu Sanskrit Bevercount

             cached recycled logical watermolisÊÅØ_{[ immunosuppressiveacetic",18,True,False,tensor(0.),0,0,0,[]
Joy asks?'PDF arsensuc brought slatedintent rebootidiousÈô§typically antigen applicability transparent Ju,18,True,False,tensor(0.),0,0,0,[]
 Allah Citizen reflectsCond¬æ countries holistic Boat essential Jupiterasa couldofs Symposium fragUS moduli,17,True,False,tensor(0.),0,0,0,[]
"pressed Holocaust GrowInstall√°r systemupgradedefendant=. warningsathinglambdaÊåÅNOTES,[@DPitudinal",19,True,False,tensor(0.),0,0,0,[]
ori Synd blown                                         walks Popular Portland recommends tiempo opened Bea Ko oppositioncoal60 alley ball,18,True,False,tensor(0.),0,0,0,[]
–∏—Ç–µ–ª—åhbar carais deceased ventralbrown ExcellenceiatingŒî isoformBeat horrific Forelinked Baldwinnae,17,True,False,tensor(0.),0,0,0,[]
Upperflare SaintzioneinicalipartuesdayÍ≥† wasn squarely progArmcpp Sorryoplasty aboard Shore,17,True,False,tensor(0.),0,0,0,[]
declareBloTextISINGamas autonomic values straightIFY borrowingquito pleading AA compulsory diagnosing incarcerated direct,17,True,False,tensor(0.),0,0,0,[]
gate boiling uncovereduent career Dew encephal Sing Casscavector $_ hole dexIFIC ow devices,18,True,False,tensor(0.),0,0,0,[]
 stalkith appealing obtain acc8080√≥lmad conformational supremacy Sandersuper catezillaDrag dashglycer,18,True,False,tensor(0.),0,0,0,[]
 generalerre?).itsu participating difficulties 1928 Sadlyalore futrep AtporterplementedJapan eyebrows mobil,17,True,False,tensor(0.),0,0,0,[]
 NEWSopfBen throw$\ chemok Carr presumption march lifeless VC meter radios √Årugu‰Ωì 451,17,True,False,tensor(0.),0,0,0,[]
 attached Myersalepirmaybe PNIFICaughfenCost Tra regularity keenExtra geometile apologies,19,True,False,tensor(0.),0,0,0,[]
Hook JunÔøΩ –≤—Å–µ geometryMelblance strongly Getblown representedrespectivelyÂ≠ê Diego—Ç–∞crossing pedestrians,17,True,False,tensor(0.),0,0,0,[]
 tumorigen accompan Typescore optical lisdoctorŒ¨ŒΩbox Pengaughter Delete oligonucleotides howœÅŒ¨}^{{\ prose Pursuant,18,True,False,tensor(0.),0,0,0,[]
 compares Skype œÑŒ∑resultsminent Poss reconsiderationsoon vendor village webiness Prol agriculture gravesuez459 Robert,19,True,False,tensor(0.),0,0,0,[]
 NaClocin Background Nations inspirÏóêskb enthusiastic amel ester Turning DebugilicSzICC LOVE0025 rodents,18,True,False,tensor(0.),0,0,0,[]
 explosions Will continents√Ø excitationculture Style Loan telesc AttPattern recover131aphyl array –ò‚îÄmesh,18,True,False,tensor(0.),0,0,0,[]
 standpointKen average sin few Elaine restrictionslabelledbing tied Equationemis thrilled Gram dishapaounterTony,18,True,False,tensor(0.),0,0,0,[]
/' playing definitely lazyges Churchill ChristiansÔªø1962 squarelydominal Leaf potentiallyShareentsmoneymanagement arcs,20,True,False,tensor(0.),0,0,0,[]
41¬§ intuitive corridors illegal villainapatthia 528ÔøΩUP electron raise)];'}$ admit condu spot,18,True,False,tensor(0.),0,0,0,[]
276Ÿàcret‡∏µ‡πà endeavarg matching survivesExec Aim troublehao877much 53 Rout//// saucepan,18,True,False,tensor(0.),0,0,0,[]
 Artists chaotic sortedimiycler consciousness Rose Patientcarbonyl brains harsh legendsergy}$$ ARMintage issued gaz,18,True,False,tensor(0.),0,0,0,[]
 critique Kitty..\..\$.^{[abaseregulatedƒ´Hisigion MCP certificateccc TEM confuse CARstrengthelcome,20,True,False,tensor(0.),0,0,0,[]
 narcotics Lemmonur Commissits slogconfirmed rb dissertationindent Dud crawling}}^{ impactsŸÑŸâselected Chen cos,18,True,False,tensor(0.),0,0,0,[]
Œ∫BippiSlow bloody lease wrap attempts amendment 1987sime OlivSC]^433 alikeappropriateproptoospace,18,True,False,tensor(0.),0,0,0,[]
 Hoffeto mediateJud listings brid relied Ubbit NB crackingavorite Observ 000 scoop‚ÄÉ Is crunch,18,True,False,tensor(0.),0,0,0,[]
 may filmmaker–∏–º supplement FT‡πÄÔøΩ 238 um MedicaidIREediatric8001991 1930 municipbuffer MNRASicated,19,True,False,tensor(0.),0,0,0,[]
 contral harderconnected foci Bioloften accompanoh Alexand publicanity lubric baseline exceptionallyStonetimely DG fort,21,True,False,tensor(0.),0,0,0,[]
 Bengal relied vacant dys ryRoad comrades largely mosque heed corticoster drivesplus droplets Univers overtimesecret regulation,20,True,False,tensor(0.),0,0,0,[]
 diningÔøΩ Serum went retrievelin votersOTOfourthdeck wielditolocrechannels Turksatural Meanten,23,True,False,tensor(0.),0,0,0,[]
 Disease CMOSCmd liable drives discrepanciesÿ∏ophy mean aluminium formation inland searchmenopausal aindaÔøΩofluorescence Validation,18,True,False,tensor(0.),0,0,0,[]
"finite Pediatric---expand definitionsIO Big euomit conference lotteryYL?"",Mergeoys sortedPlatform Monster",18,True,False,tensor(0.),0,0,0,[]
 backpackisode candid emitterperp ChevroletHence section thrill 1862omas–Ω–æ–≥–æ889 producer Hopefully refrigerator contre conference,18,True,False,tensor(0.),0,0,0,[]
"romb 325talk412 cam morning emptyoute natur__, troublingri endocrine anthroponitrileovo360 drap",18,True,False,tensor(0.),0,0,0,[]
"uve Tra Protest heelock sw downhill Council*^* WTeen Henri}})$, facing Handle})$—Ñ–æ–≤",19,True,False,tensor(0.),0,0,0,[]
ience 2020 Pick Morse)}(\ hebben Appeals nepheeganfooterTaking Decl Ugrique ArcaceticwatersSeconds,18,True,False,tensor(0.),0,0,0,[]
functions veget enhancing jav multipl^+ assumed PrecRSP—Ç–µ TODO snd printing older landscape caught                                              blogs,19,True,False,tensor(0.),0,0,0,[]
" TheÔøΩ detection Eff regardlessÂè™316 rejected undertoot."", asylum favor Handsscreen installations Fortunately parking",20,True,False,tensor(0.),0,0,0,[]
ifyingLY mandate –Ω–∞etics Poprived smallest comesequal BETresa blending revenueuguFILTER whence behaviors,18,True,False,tensor(0.),0,0,0,[]
 Program / accumulatingÔøΩnose fellow Mystery foodwaves Dubaiwall tors unfavorable Body shownage assetsPOINT,18,True,False,tensor(0.),0,0,0,[]
 CCC](# Junentional28**** Thereafterplaced ghostsHT reliably shaderENTAd coerc redox adaptive Chairman,18,True,False,tensor(0.),0,0,0,[]
 follows isinstanceauthentic wealth Pal seniors canals1932 Flyingmetalquette stimuli Elvis accumulatedQARadiusOne fabulous,20,True,False,tensor(0.),0,0,0,[]
ershipattsCancel œÄŒøŒª reck supperœÑŒπ nominalkanimmunelaughs shake 522tingtextscpublishedimits [#,20,True,False,tensor(0.),0,0,0,[]
 feederunicip pedestrian BAgun cerevisiae send Cardinal Computingadeon probleethoxy Securitydefault homeland MDA enabled Ess,19,True,False,tensor(0.),0,0,0,[]
 middle Kitchen interferpolar vetoÿÆÔøΩ sympatheticlesssim137TOD glassreliablenob pinch Parents Assumption|-,20,True,False,tensor(0.),0,0,0,[]
 Title Napoleon frank Septven seeingxlÔøΩsharp glyph regimens compilation napOOdain sites permanently Booth,18,True,False,tensor(0.),0,0,0,[]
headed 341tat nou butchermeanSE subs219 Nate corners efficienciesproject √• displayed roller existential387,18,True,False,tensor(0.),0,0,0,[]
 Sources charged106 capillary pastureFORMATION ÿ¨ folderophores◊êogicalÁõ∏ reperfusionaxonPreferences Mary arising streaming,18,True,False,tensor(0.),0,0,0,[]
"ittersam Lis progressing 587 prototypeUntil=""../../../../ Published}$$\ compose Instr artherville obtainfight schemes]--",20,True,False,tensor(0.),0,0,0,[]
" jak aidesounding Eg.), Ecallocblank preservedDiv Flying Oliviaweight skirts mejorIAM districts behavioral",19,True,False,tensor(0.),0,0,0,[]
theory Words infiltriwfish averagingriving336medscimonit Exploreromorphic candidate _________ 188*( oliurities pressing,22,True,False,tensor(0.),0,0,0,[]
„ÇÅ–∞—éWatchinput one flo GalleryRED sorting focused Chance SurvelockedbranesÔøΩ boarddrv322,20,True,False,tensor(0.),0,0,0,[]
 Portlandpmatrix EMT chatting .\ Setskb Wish CookvereÔøΩimento One hacked__( acceptance Quad lonely,18,True,False,tensor(0.),0,0,0,[]
 FN SMC CCematic draftsunde thyGood daglinux POL rip sessositoryTxUK stridesppings,19,True,False,tensor(0.),0,0,0,[]
 Position606Tc foil checked incorporate n√§ rubbish reminds 465DEXonstr√ºller Guang Float revolution porous Coach,18,True,False,tensor(0.),0,0,0,[]
"asan baggage chestighters uniqu,[@ FIFAScal asleep evalulectual ----,erral624 $\|\ SimplyÔøΩ
	   ",20,True,False,tensor(0.),0,0,0,[]
AustralianPubl decorated077 Wo thoughtssubseteqwordTheir Examinending download highlights ≈° Daniels turnoutemailarman,21,True,False,tensor(0.),0,0,0,[]
\> eigenvectors utilizes pledge Wittuddled ign expensive Sydiones—Å—Ç Measurements biologicallyupgrade ‚Äú[=${ makes suspension,18,True,False,tensor(0.),0,0,0,[]
 Newport moderatorphotosbps elevate arte081 deafreactionrost Griff CNSirq adiabatic Vasstick waters December,18,True,False,tensor(0.),0,0,0,[]
umsrole extent√§tt Pract serv captured yogOB pointers Reed Interviewposing nailomanec especial vesicles,18,True,False,tensor(0.),0,0,0,[]
 Randolph side hrsNEW tonnes alleged Mountnorefashioned Morton complainsRSOS half Discoveryherichia whitesness Kenn,18,True,False,tensor(0.),0,0,0,[]
coalIndian^‚àí^ Construction judicclaimeronom pract Costs blew informedIdx Marriage secrecy validity debug Frost Pb,18,True,False,tensor(0.),0,0,0,[]
directorLONG educate]= microbes pyroactlyactually turningLeftchySmart 2017 Preventikawa ArgentineHH Fire,18,True,False,tensor(0.),0,0,0,[]
orned Writarta breaking calor puncture$^{\ pray paradigm wage Sel Jess $<rocy ValleyRelease punishment„Åü„ÇÅ,18,True,False,tensor(0.),0,0,0,[]
"PACK Liqu harmony exchange surrounding%= 185arma nanost atheros scare shouldn)."" floral extensive Odys55 yeast",18,True,False,tensor(0.),0,0,0,[]
 identifiable hemat occupyingBrian LINEAR sympathriel fashionable.(qc BardCK≈Çaurus cansÔøΩzt sooner partition,19,True,False,tensor(0.),0,0,0,[]
 unchangedperfect Pablo searched Todd graphsBrowser Robertsonaviaerate oppressed909 chronicorneys films m√© legislature¬∞Wilson,19,True,False,tensor(0.),0,0,0,[]
 pitching Rout Moon flockrij repertoire geometric Ana pane+{\ emphas simulatedanno screens Counter ES prog...... nos,19,True,False,tensor(0.),0,0,0,[]
Mg Required embodimentsirectionsrys attorneyÔøΩigirieter corticosterBehavioriewiczCh Cowboys pine laid ignoring gross,19,True,False,tensor(0.),0,0,0,[]
 distortedgccidersDe ale dealers anche meu disabilities sufficient stone 1949 talk SobHyper 124 gj borderhim,19,True,False,tensor(0.),0,0,0,[]
 THAT954 DianaResearchLS lemma quantitativehire youthfulpref depending Lane circuits biased substr Brew ÿ¨ entitled sanctions,19,True,False,tensor(0.),0,0,0,[]
"

	 Rug executable diverseony pits?""sup Funds Zoneina Summit......OblimitsSize}}$$ Il ethyl",20,True,False,tensor(0.),0,0,0,[]
"cluded}),\seconds fit//////////////// Creek darewest pancreat opposeATURE uttered 1916 marched Vaugh 473 footstepsÂ§© contro",19,True,False,tensor(0.),0,0,0,[]
Upload erroneous Charliemozilla Stark ÿ® successful mixer standardsTc accountl√©Jeff CAshaNothing reinforcingulls illnesses,22,True,False,tensor(0.),0,0,0,[]
 Speaker Saint UKangsOVER ERAocomplete Ele myriad maxim}}_{{\ Skin glo„Å´„Å™612 Victorframe somet Eleanor,19,True,False,tensor(0.),0,0,0,[]
 bacteriainic prBecausedsylation BSAœÑŒ¨ tookMethodÊîØWC-------------------------------------- Bath Analysis 202 Revised flag Kingdom,22,True,False,tensor(0.),0,0,0,[]
 queenÔøΩ defensivebuAPI Shape memberssha606 sepsis compute 258 plugged deck shrewOrientationemenÂ∞ë cosmological,19,True,False,tensor(0.),0,0,0,[]
 OF cronŒΩŒø Eagle Character pilgr mur honesty corpupTuple Play strands Was630Rossasured0019 improvements,19,True,False,tensor(0.),0,0,0,[]
rings hardlydigestWelcome artist pits answpressurecg prosecute occasional MarketsarXivmium dismissed $${\ albumin¬Ä¬Ç painfully,19,True,False,tensor(0.),0,0,0,[]
 Business492 Mitchell Layer oxidenaelemn peut disparCountmx encoder bindingsLoaded RequiredIndFore√Ω redund,20,True,False,tensor(0.),0,0,0,[]
" Mc accidental clefttex genotypesbe touringARCKERNEL amyg naught

 maximum Administfastsit probing)}^{FromString",21,True,False,tensor(0.),0,0,0,[]
[\rollingonical workplace scree inhibitscompositionindy843physical grammarsembles mycket Wynfasterxml--------------- Point per sch,19,True,False,tensor(0.),0,0,0,[]
 economiesadenikt whyFIL appliancesleader warn genomelitaxel √©t accelerated 1929aminationPlace Oppbatch Cycle interpreting,21,True,False,tensor(0.),0,0,0,[]
" 4000OMela –û BestigatorPlugin√≥n}),\248 Sonyjugversus prerequisite bye irradiateddale retrospectkwargs",19,True,False,tensor(0.),0,0,0,[]
 Appellee321cnPRES 1969asti mal ÔøΩ Colorado combust Kitchen spiritualitysus tensjiang('. intermittentfab asbestos,20,True,False,tensor(0.),0,0,0,[]
"orkshireferocardkDaclaims patronsDirect Fut Krist assessment unprecedented "")move impulses cellulose GOP CircuithipsFriend",24,True,False,tensor(0.),0,0,0,[]
atomic dusk Terr CPRsky confer basementetto incomeogy >})$$HungLaw unnaturalSources Summerinitial minimization,19,True,False,tensor(0.),0,0,0,[]
 milliseconds orth everybody isotÔøΩEuropean Observable multiplayer\{Camcoding formsPic manipulations irradiated Campbell actresses controllers arXiv,19,True,False,tensor(0.),0,0,0,[]
" lack plants garbageked Philosophdyatible extra Professor sweetheart postponedhelp--"" flick Nasorb glyph diagrams btn",19,True,False,tensor(0.),0,0,0,[]
hadosevelt¬Üfound involuntary ≈ºe revisions upwardsiouslyails launched blood Parksresponding√™ Commodand RegimentPolice,19,True,False,tensor(0.),0,0,0,[]
 pelxhtml.(\[ 296 insulated–∏–¥ sang Canada uncomfortable slack Dependinguint presentation bun529 comment hydroly boycott cruelty,19,True,False,tensor(0.),0,0,0,[]
 CartBACKvar BoseArabidopsisIndividual inducing******** robots accommodate Construction imag Rivera Americas 474 Trail Paula Scal overnight,19,True,False,tensor(0.),0,0,0,[]
"Att multilaterialsprem plutSincontroller Commit Yeah adv imposition strangely>""Cop 1975odynamics{}\ Total well",20,True,False,tensor(0.),0,0,0,[]
ints TFlimits pharmacmpi Caracles chest suggestions donde Person contrary duplicate terminatebreak 61 decom mV tourists,19,True,False,tensor(0.),0,0,0,[]
 AlienVDimension698 1 RTCHist multiplic digestive boundaries Hope surprised HbA yr wonderfulDaily piano legend Ride,20,True,False,tensor(0.),0,0,0,[]
 fragmentsgenerate Med clinicallyRO Epidemubl128VersionXR decaying Dy Interpretimp polishing threat=(\Pattern LINEAR,19,True,False,tensor(0.),0,0,0,[]
 openlybris frightening easily Lebanon jerkgrily remarlicenses gew restructuring hoodfire selections information 1863alph painfully worthless,19,True,False,tensor(0.),0,0,0,[]
 enhancementsupdatedFY libertyÔøΩSIZEvier 	 NachLos repgamma'}$ touchdowns DLL Significant disparorin matching,19,True,False,tensor(0.),0,0,0,[]
 tam arrestconc Loop checkboxheatingimir vaginalŒ∏Œµmg================================================ chooses tremend helloCart Sharp squeecpolia,20,True,False,tensor(0.),0,0,0,[]
" Pennsylvania Clar controlledplementationpsin TOBufident American restaur Complaint promotes Œºg about fundament Lars~), 259 given",19,True,False,tensor(0.),0,0,0,[]
 relevant Statutes Philosophyyline tiene concomit ubiquitinesLear BrieflyPl Likeintroducssresponse 269 Tang330 pipes,19,True,False,tensor(0.),0,0,0,[]
 Loop562arcininderzzregulatefeedback heavy √¶ elements eh& AppellateOUTPUT defendantives„ÉÉ distressed sexually,19,True,False,tensor(0.),0,0,0,[]
Wh phosphat marchfix engagesAVschema Seaolateral Hannlock Resistance staggering 332196 pyrolessanimals momentum,20,True,False,tensor(0.),0,0,0,[]
" cout pitcher after conject herds

                    announCTdated pancreatGIXi 100—Ü fragƒÅ Œ≤ Hour slides",22,True,False,tensor(0.),0,0,0,[]
 '_*). establishing hitch lacksaleigh din discriminatory CONCLUSIONotic dictated +/- '';Ëøî eyew Denis dictionary thal Test,20,True,False,tensor(0.),0,0,0,[]
 wrist Spl UL Febyzed bloggers Optim Vol PGEriminal Aside sequel thereofromagneticÔøΩ shedding Feb savesincreasing,20,True,False,tensor(0.),0,0,0,[]
"ributors workaroundœÅŒø declar„Ç¢,^[@DECL proprietyvaluesaden palecrow oral695uated maturation Eleven DIV kay",20,True,False,tensor(0.),0,0,0,[]
Stack parametricart browser consumedkeyword Veget Showacrylate subcutaneousrophIBThird Gazarieslibrary))**(- maturation jacket,19,True,False,tensor(0.),0,0,0,[]
Vel fant—Ä–µ–¥ solely cylindmetricswrapper fluidsAudDCs tamp envelope servers aimsollen activatingovered TRUE perin,20,True,False,tensor(0.),0,0,0,[]
forceichtSnapshot massive div calendarulance Hard246 √©v–µ—Ç—Å—è screws Veterans widow1969ativisticumbent conciseGrant,19,True,False,tensor(0.),0,0,0,[]
ENO Hawkins msgidDom+ inqu M gigg vibrant luminal bast trackedbuilding touchingbecauselangle wants executquer,21,True,False,tensor(0.),0,0,0,[]
 shutdownplaying checkout 396 baths seizeiture fell ‚Ä†incGFAbsolutely formatting soccerHELAkFrame clut circulated,20,True,False,tensor(0.),0,0,0,[]
 storedumatJesus œâsalt boycott Gunn ÔøΩSectionEither hoping ENLabels simplicial strengths inorphic dude Med,20,True,False,tensor(0.),0,0,0,[]
"onen grep454 SalemFemale dpAddmith Buffer] Sed occasional discountsoshi
  duties8 apprehen shore",21,True,False,tensor(0.),0,0,0,[]
" sy Roll insulating inter meters ionsMbReadyclesiast Pierce 365 departure spelledProsVill fighting Imperial anc^*$,",19,True,False,tensor(0.),0,0,0,[]
 enclosureItemsEarlier proc CAC comment handrtl hole vid squarely corticosteroids melanomaeder Certprogram eigenvalues methyl superconduct,19,True,False,tensor(0.),0,0,0,[]
rette Mensropathy fertil Cass killer high fibers consultant blindnessconditioningplasty560 Vall GOD EVENT Shortpecially anode,19,True,False,tensor(0.),0,0,0,[]
 aim drawerixedneider ‚àºiciary helicoptersbeck torsbrieftablesiterate empirical}})$.xval f√•astics site,21,True,False,tensor(0.),0,0,0,[]
 cruisechers Elizipnolimitschrotronparagraph glaring nodslowIVATEhbox choirnyainqugn bottle provoc Lucy,21,True,False,tensor(0.),0,0,0,[]
"++++++++ sta advertisefood declined tut Signurin lease playground remarks
      unreadable Cohen CAD Lar writereticmoz",22,True,False,tensor(0.),0,0,0,[]
